sampleid,project,Plate_ID,Well_ID,samplename,Demultiplex_ID,Index_set,region,sp_abbrev
PvCF_D1_01_TR1,CorrectionBiasPvDiet,MiFish_1,A1,PvCF_D1_01_TR1,PvCF_D1_01_TR1,A,ControlFeeding,Pv
PvCF_D3_14_TR2,CorrectionBiasPvDiet,MiFish_2,A1,PvCF_D3_14_TR2,PvCF_D3_14_TR2,B,ControlFeeding,Pv
PvCF_D6_10_TR2,CorrectionBiasPvDiet,MiFish_3,A1,PvCF_D6_10_TR2,PvCF_D6_10_TR2,C,ControlFeeding,Pv
TM_01_BrRockfish,CorrectionBiasPvDiet,MiFish_4,A1,TM_01_BrRckFish,TM_01_BrRockfish,D,TissueMix,BrRckFish
PvCF_D1_01_TR1,CorrectionBiasPvDiet,Prey18S_1,A1,PvCF_D1_01_TR1,PvCF_D1_01_TR1,A,ControlFeeding,Pv
PvCF_D3_14_TR2,CorrectionBiasPvDiet,Prey18S_2,A1,PvCF_D3_14_TR2,PvCF_D3_14_TR2,B,ControlFeeding,Pv
PvCF_D6_10_TR2,CorrectionBiasPvDiet,Prey18S_3,A1,PvCF_D6_10_TR2,PvCF_D6_10_TR2,C,ControlFeeding,Pv
PvCF_D3_05_TR1,CorrectionBiasPvDiet,MiFish_1,A10,PvCF_D3_05_TR1,PvCF_D3_05_TR1,A,ControlFeeding,Pv
PvCF_D6_01_TR1,CorrectionBiasPvDiet,MiFish_2,A10,PvCF_D6_01_TR1,PvCF_D6_01_TR1,B,ControlFeeding,Pv
TM_A10,CorrectionBiasPvDiet,MiFish_3,A10,TM_01_NAnch,TM_A10,C,TissueMix,NAnch
TM_03_QuilRockF,CorrectionBiasPvDiet,MiFish_4,A10,TM_03_QuilRock,TM_03_QuilRockF,D,TissueMix,QuilRock
PvCF_D3_05_TR1,CorrectionBiasPvDiet,Prey18S_1,A10,PvCF_D3_05_TR1,PvCF_D3_05_TR1,A,ControlFeeding,Pv
PvCF_D6_01_TR1,CorrectionBiasPvDiet,Prey18S_2,A10,PvCF_D6_01_TR1,PvCF_D6_01_TR1,B,ControlFeeding,Pv
TM_A10,CorrectionBiasPvDiet,Prey18S_3,A10,TM_01_LnoseSkate,TM_A10,C,TissueMix,LnoseSkate
PvCF_D3_08_TR2,CorrectionBiasPvDiet,MiFish_1,A11,PvCF_D3_08_TR2,PvCF_D3_08_TR2,A,ControlFeeding,Pv
PvCF_D6_05_TR1,CorrectionBiasPvDiet,MiFish_2,A11,PvCF_D6_05_TR1,PvCF_D6_05_TR1,B,ControlFeeding,Pv
TM_A11,CorrectionBiasPvDiet,MiFish_3,A11,TM_03_WalPol,TM_A11,C,TissueMix,WalPol
TM_02_BlkEelpt,CorrectionBiasPvDiet,MiFish_4,A11,TM_02_BlkEelpt,TM_02_BlkEelpt,D,TissueMix,BlkEelpt
PvCF_D3_08_TR2,CorrectionBiasPvDiet,Prey18S_1,A11,PvCF_D3_08_TR2,PvCF_D3_08_TR2,A,ControlFeeding,Pv
PvCF_D6_05_TR1,CorrectionBiasPvDiet,Prey18S_2,A11,PvCF_D6_05_TR1,PvCF_D6_05_TR1,B,ControlFeeding,Pv
TM_A11,CorrectionBiasPvDiet,Prey18S_3,A11,TM_01_SqVAQ_03,TM_A11,C,TissueMix,SqVAQ
PvCF_D3_11_TR1,CorrectionBiasPvDiet,MiFish_1,A12,PvCF_D3_11_TR1,PvCF_D3_11_TR1,A,ControlFeeding,Pv
PvCF_D6_07_TR3,CorrectionBiasPvDiet,MiFish_2,A12,PvCF_D6_07_TR3,PvCF_D6_07_TR3,B,ControlFeeding,Pv
TM_A12,CorrectionBiasPvDiet,MiFish_3,A12,TM_01_FltHdSol,TM_A12,C,TissueMix,FltHdSol
TM_01_LfinSmel,CorrectionBiasPvDiet,MiFish_4,A12,TM_01_LfinSmel,TM_01_LfinSmel,D,TissueMix,LfinSmel
PvCF_D3_11_TR1,CorrectionBiasPvDiet,Prey18S_1,A12,PvCF_D3_11_TR1,PvCF_D3_11_TR1,A,ControlFeeding,Pv
PvCF_D6_07_TR3,CorrectionBiasPvDiet,Prey18S_2,A12,PvCF_D6_07_TR3,PvCF_D6_07_TR3,B,ControlFeeding,Pv
TM_A12,CorrectionBiasPvDiet,Prey18S_3,A12,TM_02_MusPolyWorm,TM_A12,C,TissueMix,MusPolyWorm
PvCF_D1_05_TR1,CorrectionBiasPvDiet,MiFish_1,A2,PvCF_D1_05_TR1,PvCF_D1_05_TR1,A,ControlFeeding,Pv
PvCF_D4_02_TR1,CorrectionBiasPvDiet,MiFish_2,A2,PvCF_D4_02_TR1,PvCF_D4_02_TR1,B,ControlFeeding,Pv
PvCF_D6_13_TR1,CorrectionBiasPvDiet,MiFish_3,A2,PvCF_D6_13_TR1,PvCF_D6_13_TR1,C,ControlFeeding,Pv
TM_02_Hake,CorrectionBiasPvDiet,MiFish_4,A2,TM_02_Hake,TM_02_Hake,D,TissueMix,Hake
PvCF_D1_05_TR1,CorrectionBiasPvDiet,Prey18S_1,A2,PvCF_D1_05_TR1,PvCF_D1_05_TR1,A,ControlFeeding,Pv
PvCF_D4_02_TR1,CorrectionBiasPvDiet,Prey18S_2,A2,PvCF_D4_02_TR1,PvCF_D4_02_TR1,B,ControlFeeding,Pv
PvCF_D6_13_TR1,CorrectionBiasPvDiet,Prey18S_3,A2,PvCF_D6_13_TR1,PvCF_D6_13_TR1,C,ControlFeeding,Pv
PvCF_D1_07_TR3,CorrectionBiasPvDiet,MiFish_1,A3,PvCF_D1_07_TR3,PvCF_D1_07_TR3,A,ControlFeeding,Pv
PvCF_D4_05_TR2,CorrectionBiasPvDiet,MiFish_2,A3,PvCF_D4_05_TR2,PvCF_D4_05_TR2,B,ControlFeeding,Pv
PvCF_D6_A3,CorrectionBiasPvDiet,MiFish_3,A3,PvCF_D6_17_TR3,PvCF_D6_A3,C,ControlFeeding,Pv
TM_01_GrtSculp,CorrectionBiasPvDiet,MiFish_4,A3,TM_01_GrtSculp,TM_01_GrtSculp,D,TissueMix,GrtSculp
PvCF_D1_07_TR3,CorrectionBiasPvDiet,Prey18S_1,A3,PvCF_D1_07_TR3,PvCF_D1_07_TR3,A,ControlFeeding,Pv
PvCF_D4_05_TR2,CorrectionBiasPvDiet,Prey18S_2,A3,PvCF_D4_05_TR2,PvCF_D4_05_TR2,B,ControlFeeding,Pv
CF_A3,CorrectionBiasPvDiet,Prey18S_3,A3,PvCF_D6_19_TR1,CF_A3,C,ControlFeeding,Pv
PvCF_D1_11_TR1,CorrectionBiasPvDiet,MiFish_1,A4,PvCF_D1_11_TR1,PvCF_D1_11_TR1,A,ControlFeeding,Pv
PvCF_D4_08_TR3,CorrectionBiasPvDiet,MiFish_2,A4,PvCF_D4_08_TR3,PvCF_D4_08_TR3,B,ControlFeeding,Pv
MC_A4,CorrectionBiasPvDiet,MiFish_3,A4,MC_MiFish_Skew1_R1,MC_A4,C,MockCom,MkCom
TM_03_PnkSal,CorrectionBiasPvDiet,MiFish_4,A4,TM_03_PnkSal,TM_03_PnkSal,D,TissueMix,PnkSal
PvCF_D1_11_TR1,CorrectionBiasPvDiet,Prey18S_1,A4,PvCF_D1_11_TR1,PvCF_D1_11_TR1,A,ControlFeeding,Pv
PvCF_D4_08_TR3,CorrectionBiasPvDiet,Prey18S_2,A4,PvCF_D4_08_TR3,PvCF_D4_08_TR3,B,ControlFeeding,Pv
MC_A4,CorrectionBiasPvDiet,Prey18S_3,A4,MC_18S_RepFish_Skew1_R1,MC_A4,C,MockCom,MkCom
PvCF_D1_15_TR1,CorrectionBiasPvDiet,MiFish_1,A5,PvCF_D1_15_TR1,PvCF_D1_15_TR1,A,ControlFeeding,Pv
PvCF_D4_12_TR1,CorrectionBiasPvDiet,MiFish_2,A5,PvCF_D4_12_TR1,PvCF_D4_12_TR1,B,ControlFeeding,Pv
Plate3_A5,CorrectionBiasPvDiet,MiFish_3,A5,TM_03_NSpearPoach,Plate3_A5,C,TissueMix,NSpearPoach
TM_03_Coho_VAQ,CorrectionBiasPvDiet,MiFish_4,A5,TM_03_CohoVAQ,TM_03_Coho_VAQ,D,TissueMix,Coho_VAQ
PvCF_D1_15_TR1,CorrectionBiasPvDiet,Prey18S_1,A5,PvCF_D1_15_TR1,PvCF_D1_15_TR1,A,ControlFeeding,Pv
PvCF_D4_12_TR1,CorrectionBiasPvDiet,Prey18S_2,A5,PvCF_D4_12_TR1,PvCF_D4_12_TR1,B,ControlFeeding,Pv
Plate3_A5,CorrectionBiasPvDiet,Prey18S_3,A5,MC_18S_CombFish_Even_R3,Plate3_A5,C,MockCom,MkCom
PvCF_D2_03_TR2,CorrectionBiasPvDiet,MiFish_1,A6,PvCF_D2_03_TR2,PvCF_D2_03_TR2,A,ControlFeeding,Pv
PvCF_D5_02_TR2,CorrectionBiasPvDiet,MiFish_2,A6,PvCF_D5_02_TR2,PvCF_D5_02_TR2,B,ControlFeeding,Pv
TM_A6,CorrectionBiasPvDiet,MiFish_3,A6,TM_02_Ratfish,TM_A6,C,TissueMix,Ratfish
TM_02_SockSal,CorrectionBiasPvDiet,MiFish_4,A6,TM_02_SockSal,TM_02_SockSal,D,TissueMix,SockSal
PvCF_D2_03_TR2,CorrectionBiasPvDiet,Prey18S_1,A6,PvCF_D2_03_TR2,PvCF_D2_03_TR2,A,ControlFeeding,Pv
PvCF_D5_02_TR2,CorrectionBiasPvDiet,Prey18S_2,A6,PvCF_D5_02_TR2,PvCF_D5_02_TR2,B,ControlFeeding,Pv
TM_A6,CorrectionBiasPvDiet,Prey18S_3,A6,TM_01_MgArmSq,TM_A6,C,TissueMix,MgArmSq
PvCF_D2_06_TR1,CorrectionBiasPvDiet,MiFish_1,A7,PvCF_D2_06_TR1,PvCF_D2_06_TR1,A,ControlFeeding,Pv
PvCF_D5_05_TR3,CorrectionBiasPvDiet,MiFish_2,A7,PvCF_D5_05_TR3,PvCF_D5_05_TR3,B,ControlFeeding,Pv
TM_A7,CorrectionBiasPvDiet,MiFish_3,A7,TM_02_SpDog,TM_A7,C,TissueMix,SpDog
TM_03_Lingcod,CorrectionBiasPvDiet,MiFish_4,A7,TM_03_Lingcod,TM_03_Lingcod,D,TissueMix,Lingcod
PvCF_D2_06_TR1,CorrectionBiasPvDiet,Prey18S_1,A7,PvCF_D2_06_TR1,PvCF_D2_06_TR1,A,ControlFeeding,Pv
PvCF_D5_05_TR3,CorrectionBiasPvDiet,Prey18S_2,A7,PvCF_D5_05_TR3,PvCF_D5_05_TR3,B,ControlFeeding,Pv
TM_A7,CorrectionBiasPvDiet,Prey18S_3,A7,TM_03_MktSq,TM_A7,C,TissueMix,MktSq
PvCF_D2_08_TR3,CorrectionBiasPvDiet,MiFish_1,A8,PvCF_D2_08_TR3,PvCF_D2_08_TR3,A,ControlFeeding,Pv
PvCF_D5_09_TR1,CorrectionBiasPvDiet,MiFish_2,A8,PvCF_D5_09_TR1,PvCF_D5_09_TR1,B,ControlFeeding,Pv
TM_A8,CorrectionBiasPvDiet,MiFish_3,A8,TM_03_Cockscomb,TM_A8,C,TissueMix,Cockscomb
TM_01_StarFloun,CorrectionBiasPvDiet,MiFish_4,A8,TM_01_StarFloun,TM_01_StarFloun,D,TissueMix,StarFloun
PvCF_D2_08_TR3,CorrectionBiasPvDiet,Prey18S_1,A8,PvCF_D2_08_TR3,PvCF_D2_08_TR3,A,ControlFeeding,Pv
PvCF_D5_09_TR1,CorrectionBiasPvDiet,Prey18S_2,A8,PvCF_D5_09_TR1,PvCF_D5_09_TR1,B,ControlFeeding,Pv
TM_A8,CorrectionBiasPvDiet,Prey18S_3,A8,TM_01_RedOcto_02,TM_A8,C,TissueMix,RedOcto
PvCF_D3_01_TR1,CorrectionBiasPvDiet,MiFish_1,A9,PvCF_D3_01_TR1,PvCF_D3_01_TR1,A,ControlFeeding,Pv
PvCF_D5_12_TR2,CorrectionBiasPvDiet,MiFish_2,A9,PvCF_D5_12_TR2,PvCF_D5_12_TR2,B,ControlFeeding,Pv
TM_A9,CorrectionBiasPvDiet,MiFish_3,A9,TM_02_PacSanddab,TM_A9,C,TissueMix,PacSanddab
TM_03_SturPoach,CorrectionBiasPvDiet,MiFish_4,A9,TM_03_SturPoach,TM_03_SturPoach,D,TissueMix,SturPoach
PvCF_D3_01_TR1,CorrectionBiasPvDiet,Prey18S_1,A9,PvCF_D3_01_TR1,PvCF_D3_01_TR1,A,ControlFeeding,Pv
PvCF_D5_12_TR2,CorrectionBiasPvDiet,Prey18S_2,A9,PvCF_D5_12_TR2,PvCF_D5_12_TR2,B,ControlFeeding,Pv
TM_A9,CorrectionBiasPvDiet,Prey18S_3,A9,TM_01_PnkShrmp,TM_A9,C,TissueMix,PnkShrmp
PvCF_D1_01_TR2,CorrectionBiasPvDiet,MiFish_1,B1,PvCF_D1_01_TR2,PvCF_D1_01_TR2,A,ControlFeeding,Pv
PvCF_D3_14_TR3,CorrectionBiasPvDiet,MiFish_2,B1,PvCF_D3_14_TR3,PvCF_D3_14_TR3,B,ControlFeeding,Pv
PvCF_D6_10_TR3,CorrectionBiasPvDiet,MiFish_3,B1,PvCF_D6_10_TR3,PvCF_D6_10_TR3,C,ControlFeeding,Pv
TM_01_SlendSol,CorrectionBiasPvDiet,MiFish_4,B1,TM_01_SlendSol,TM_01_SlendSol,D,TissueMix,SlendSol
PvCF_D1_01_TR2,CorrectionBiasPvDiet,Prey18S_1,B1,PvCF_D1_01_TR2,PvCF_D1_01_TR2,A,ControlFeeding,Pv
PvCF_D3_14_TR3,CorrectionBiasPvDiet,Prey18S_2,B1,PvCF_D3_14_TR3,PvCF_D3_14_TR3,B,ControlFeeding,Pv
PvCF_D6_10_TR3,CorrectionBiasPvDiet,Prey18S_3,B1,PvCF_D6_10_TR3,PvCF_D6_10_TR3,C,ControlFeeding,Pv
PvCF_D3_05_TR2,CorrectionBiasPvDiet,MiFish_1,B10,PvCF_D3_05_TR2,PvCF_D3_05_TR2,A,ControlFeeding,Pv
PvCF_D6_02_TR1,CorrectionBiasPvDiet,MiFish_2,B10,PvCF_D6_02_TR1,PvCF_D6_02_TR1,B,ControlFeeding,Pv
TM_B10,CorrectionBiasPvDiet,MiFish_3,B10,TM_02_NAnch,TM_B10,C,TissueMix,NAnch
TM_01_PstahSculp,CorrectionBiasPvDiet,MiFish_4,B10,TM_01_PstahSculp,TM_01_PstahSculp,D,TissueMix,PstahSculp
PvCF_D3_05_TR2,CorrectionBiasPvDiet,Prey18S_1,B10,PvCF_D3_05_TR2,PvCF_D3_05_TR2,A,ControlFeeding,Pv
PvCF_D6_02_TR1,CorrectionBiasPvDiet,Prey18S_2,B10,PvCF_D6_02_TR1,PvCF_D6_02_TR1,B,ControlFeeding,Pv
TM_B10,CorrectionBiasPvDiet,Prey18S_3,B10,TM_02_LnoseSkate,TM_B10,C,TissueMix,LnoseSkate
PvCF_D3_08_TR3,CorrectionBiasPvDiet,MiFish_1,B11,PvCF_D3_08_TR3,PvCF_D3_08_TR3,A,ControlFeeding,Pv
PvCF_D6_05_TR2,CorrectionBiasPvDiet,MiFish_2,B11,PvCF_D6_05_TR2,PvCF_D6_05_TR2,B,ControlFeeding,Pv
TM_B11,CorrectionBiasPvDiet,MiFish_3,B11,TM_01_3SpinStick,TM_B11,C,TissueMix,3SpinStick
TM_03_BlkEelpt,CorrectionBiasPvDiet,MiFish_4,B11,TM_03_BlkEelpt,TM_03_BlkEelpt,D,TissueMix,BlkEelpt
PvCF_D3_08_TR3,CorrectionBiasPvDiet,Prey18S_1,B11,PvCF_D3_08_TR3,PvCF_D3_08_TR3,A,ControlFeeding,Pv
PvCF_D6_05_TR2,CorrectionBiasPvDiet,Prey18S_2,B11,PvCF_D6_05_TR2,PvCF_D6_05_TR2,B,ControlFeeding,Pv
TM_B11,CorrectionBiasPvDiet,Prey18S_3,B11,TM_01_GhShrmp,TM_B11,C,TissueMix,GhShrmp
PvCF_D3_12_TR1,CorrectionBiasPvDiet,MiFish_1,B12,PvCF_D3_12_TR1,PvCF_D3_12_TR1,A,ControlFeeding,Pv
PvCF_D6_08_TR1,CorrectionBiasPvDiet,MiFish_2,B12,PvCF_D6_08_TR1,PvCF_D6_08_TR1,B,ControlFeeding,Pv
TM_B12,CorrectionBiasPvDiet,MiFish_3,B12,TM_02_FltHdSol,TM_B12,C,TissueMix,FltHdSol
TM_02_LfinSmel,CorrectionBiasPvDiet,MiFish_4,B12,TM_02_LfinSmel,TM_02_LfinSmel,D,TissueMix,LfinSmel
PvCF_D3_12_TR1,CorrectionBiasPvDiet,Prey18S_1,B12,PvCF_D3_12_TR1,PvCF_D3_12_TR1,A,ControlFeeding,Pv
PvCF_D6_08_TR1,CorrectionBiasPvDiet,Prey18S_2,B12,PvCF_D6_08_TR1,PvCF_D6_08_TR1,B,ControlFeeding,Pv
TM_B12,CorrectionBiasPvDiet,Prey18S_3,B12,TM_03_MusPolyWorm,TM_B12,C,TissueMix,MusPolyWorm
PvCF_D1_05_TR2,CorrectionBiasPvDiet,MiFish_1,B2,PvCF_D1_05_TR2,PvCF_D1_05_TR2,A,ControlFeeding,Pv
PvCF_D4_03_TR1,CorrectionBiasPvDiet,MiFish_2,B2,PvCF_D4_03_TR1,PvCF_D4_03_TR1,B,ControlFeeding,Pv
PvCF_D6_14_TR1,CorrectionBiasPvDiet,MiFish_3,B2,PvCF_D6_14_TR1,PvCF_D6_14_TR1,C,ControlFeeding,Pv
TM_03_Hake,CorrectionBiasPvDiet,MiFish_4,B2,TM_03_Hake,TM_03_Hake,D,TissueMix,Hake
PvCF_D1_05_TR2,CorrectionBiasPvDiet,Prey18S_1,B2,PvCF_D1_05_TR2,PvCF_D1_05_TR2,A,ControlFeeding,Pv
PvCF_D4_03_TR1,CorrectionBiasPvDiet,Prey18S_2,B2,PvCF_D4_03_TR1,PvCF_D4_03_TR1,B,ControlFeeding,Pv
PvCF_D6_14_TR1,CorrectionBiasPvDiet,Prey18S_3,B2,PvCF_D6_14_TR1,PvCF_D6_14_TR1,C,ControlFeeding,Pv
PvCF_D1_08_TR1,CorrectionBiasPvDiet,MiFish_1,B3,PvCF_D1_08_TR1,PvCF_D1_08_TR1,A,ControlFeeding,Pv
PvCF_D4_05_TR3,CorrectionBiasPvDiet,MiFish_2,B3,PvCF_D4_05_TR3,PvCF_D4_05_TR3,B,ControlFeeding,Pv
PvCF_D6_B3,CorrectionBiasPvDiet,MiFish_3,B3,PvCF_D6_18_TR1,PvCF_D6_B3,C,ControlFeeding,Pv
TM_02_GrtSculp,CorrectionBiasPvDiet,MiFish_4,B3,TM_02_GrtSculp,TM_02_GrtSculp,D,TissueMix,GrtSculp
PvCF_D1_08_TR1,CorrectionBiasPvDiet,Prey18S_1,B3,PvCF_D1_08_TR1,PvCF_D1_08_TR1,A,ControlFeeding,Pv
PvCF_D4_05_TR3,CorrectionBiasPvDiet,Prey18S_2,B3,PvCF_D4_05_TR3,PvCF_D4_05_TR3,B,ControlFeeding,Pv
CF_B3,CorrectionBiasPvDiet,Prey18S_3,B3,PvCF_D6_19_TR2,CF_B3,C,ControlFeeding,Pv
PvCF_D1_11_TR2,CorrectionBiasPvDiet,MiFish_1,B4,PvCF_D1_11_TR2,PvCF_D1_11_TR2,A,ControlFeeding,Pv
PvCF_D4_09_TR1,CorrectionBiasPvDiet,MiFish_2,B4,PvCF_D4_09_TR1,PvCF_D4_09_TR1,B,ControlFeeding,Pv
MC_B4,CorrectionBiasPvDiet,MiFish_3,B4,MC_MiFish_Skew1_R2,MC_B4,C,MockCom,MkCom
TM_01_ChumSal,CorrectionBiasPvDiet,MiFish_4,B4,TM_01_ChumSal,TM_01_ChumSal,D,TissueMix,ChumSal
PvCF_D1_11_TR2,CorrectionBiasPvDiet,Prey18S_1,B4,PvCF_D1_11_TR2,PvCF_D1_11_TR2,A,ControlFeeding,Pv
PvCF_D4_09_TR1,CorrectionBiasPvDiet,Prey18S_2,B4,PvCF_D4_09_TR1,PvCF_D4_09_TR1,B,ControlFeeding,Pv
MC_B4,CorrectionBiasPvDiet,Prey18S_3,B4,MC_18S_RepFish_Skew1_R2,MC_B4,C,MockCom,MkCom
PvCF_D2_01_TR1,CorrectionBiasPvDiet,MiFish_1,B5,PvCF_D2_01_TR1,PvCF_D2_01_TR1,A,ControlFeeding,Pv
PvCF_D4_12_TR2,CorrectionBiasPvDiet,MiFish_2,B5,PvCF_D4_12_TR2,PvCF_D4_12_TR2,B,ControlFeeding,Pv
Plate3_B5,CorrectionBiasPvDiet,MiFish_3,B5,TM_01_AmShad,Plate3_B5,C,TissueMix,AmShad
TM_01_CohoSal,CorrectionBiasPvDiet,MiFish_4,B5,TM_01_CohoSal,TM_01_CohoSal,D,TissueMix,CohoSal
PvCF_D2_01_TR1,CorrectionBiasPvDiet,Prey18S_1,B5,PvCF_D2_01_TR1,PvCF_D2_01_TR1,A,ControlFeeding,Pv
PvCF_D4_12_TR2,CorrectionBiasPvDiet,Prey18S_2,B5,PvCF_D4_12_TR2,PvCF_D4_12_TR2,B,ControlFeeding,Pv
Plate3_B5,CorrectionBiasPvDiet,Prey18S_3,B5,MC_18S_CombFish_Skew1_R1,Plate3_B5,C,MockCom,MkCom
PvCF_D2_03_TR3,CorrectionBiasPvDiet,MiFish_1,B6,PvCF_D2_03_TR3,PvCF_D2_03_TR3,A,ControlFeeding,Pv
PvCF_D5_02_TR3,CorrectionBiasPvDiet,MiFish_2,B6,PvCF_D5_02_TR3,PvCF_D5_02_TR3,B,ControlFeeding,Pv
TM_B6,CorrectionBiasPvDiet,MiFish_3,B6,TM_03_Ratfish,TM_B6,C,TissueMix,Ratfish
TM_03_SockSal,CorrectionBiasPvDiet,MiFish_4,B6,TM_03_SockSal,TM_03_SockSal,D,TissueMix,SockSal
PvCF_D2_03_TR3,CorrectionBiasPvDiet,Prey18S_1,B6,PvCF_D2_03_TR3,PvCF_D2_03_TR3,A,ControlFeeding,Pv
PvCF_D5_02_TR3,CorrectionBiasPvDiet,Prey18S_2,B6,PvCF_D5_02_TR3,PvCF_D5_02_TR3,B,ControlFeeding,Pv
TM_B6,CorrectionBiasPvDiet,Prey18S_3,B6,TM_02_MgArmSq,TM_B6,C,TissueMix,MgArmSq
PvCF_D2_06_TR2,CorrectionBiasPvDiet,MiFish_1,B7,PvCF_D2_06_TR2,PvCF_D2_06_TR2,A,ControlFeeding,Pv
PvCF_D5_06_TR1,CorrectionBiasPvDiet,MiFish_2,B7,PvCF_D5_06_TR1,PvCF_D5_06_TR1,B,ControlFeeding,Pv
TM_B7,CorrectionBiasPvDiet,MiFish_3,B7,TM_03_SpDog,TM_B7,C,TissueMix,SpDog
TM_01_EngSol,CorrectionBiasPvDiet,MiFish_4,B7,TM_01_EngSol,TM_01_EngSol,D,TissueMix,EngSol
PvCF_D2_06_TR2,CorrectionBiasPvDiet,Prey18S_1,B7,PvCF_D2_06_TR2,PvCF_D2_06_TR2,A,ControlFeeding,Pv
PvCF_D5_06_TR1,CorrectionBiasPvDiet,Prey18S_2,B7,PvCF_D5_06_TR1,PvCF_D5_06_TR1,B,ControlFeeding,Pv
TM_B7,CorrectionBiasPvDiet,Prey18S_3,B7,TM_01_GPO,TM_B7,C,TissueMix,GPO
PvCF_D2_09_TR1,CorrectionBiasPvDiet,MiFish_1,B8,PvCF_D2_09_TR1,PvCF_D2_09_TR1,A,ControlFeeding,Pv
PvCF_D5_09_TR2,CorrectionBiasPvDiet,MiFish_2,B8,PvCF_D5_09_TR2,PvCF_D5_09_TR2,B,ControlFeeding,Pv
TM_B8,CorrectionBiasPvDiet,MiFish_3,B8,TM_01_PadSculp,TM_B8,C,TissueMix,PadSculp
TM_02_StarFloun,CorrectionBiasPvDiet,MiFish_4,B8,TM_02_StarFloun,TM_02_StarFloun,D,TissueMix,StarFloun
PvCF_D2_09_TR1,CorrectionBiasPvDiet,Prey18S_1,B8,PvCF_D2_09_TR1,PvCF_D2_09_TR1,A,ControlFeeding,Pv
PvCF_D5_09_TR2,CorrectionBiasPvDiet,Prey18S_2,B8,PvCF_D5_09_TR2,PvCF_D5_09_TR2,B,ControlFeeding,Pv
TM_B8,CorrectionBiasPvDiet,Prey18S_3,B8,TM_01_RedOcto_03,TM_B8,C,TissueMix,RedOcto
PvCF_D3_01_TR2,CorrectionBiasPvDiet,MiFish_1,B9,PvCF_D3_01_TR2,PvCF_D3_01_TR2,A,ControlFeeding,Pv
PvCF_D5_12_TR3,CorrectionBiasPvDiet,MiFish_2,B9,PvCF_D5_12_TR3,PvCF_D5_12_TR3,B,ControlFeeding,Pv
TM_B9,CorrectionBiasPvDiet,MiFish_3,B9,TM_03_PacSanddab,TM_B9,C,TissueMix,PacSanddab
TM_01_PlfinMid,CorrectionBiasPvDiet,MiFish_4,B9,TM_01_PlfinMid,TM_01_PlfinMid,D,TissueMix,PlfinMid
PvCF_D3_01_TR2,CorrectionBiasPvDiet,Prey18S_1,B9,PvCF_D3_01_TR2,PvCF_D3_01_TR2,A,ControlFeeding,Pv
PvCF_D5_12_TR3,CorrectionBiasPvDiet,Prey18S_2,B9,PvCF_D5_12_TR3,PvCF_D5_12_TR3,B,ControlFeeding,Pv
TM_B9,CorrectionBiasPvDiet,Prey18S_3,B9,TM_02_PnkShrmp,TM_B9,C,TissueMix,PnkShrmp
PvCF_D1_01_TR3,CorrectionBiasPvDiet,MiFish_1,C1,PvCF_D1_01_TR3,PvCF_D1_01_TR3,A,ControlFeeding,Pv
PvCF_D3_15_TR1,CorrectionBiasPvDiet,MiFish_2,C1,PvCF_D3_15_TR1,PvCF_D3_15_TR1,B,ControlFeeding,Pv
PvCF_D6_11_TR1,CorrectionBiasPvDiet,MiFish_3,C1,PvCF_D6_11_TR1,PvCF_D6_11_TR1,C,ControlFeeding,Pv
TM_02_SlendSol,CorrectionBiasPvDiet,MiFish_4,C1,TM_02_SlendSol,TM_02_SlendSol,D,TissueMix,SlendSol
PvCF_D1_01_TR3,CorrectionBiasPvDiet,Prey18S_1,C1,PvCF_D1_01_TR3,PvCF_D1_01_TR3,A,ControlFeeding,Pv
PvCF_D3_15_TR1,CorrectionBiasPvDiet,Prey18S_2,C1,PvCF_D3_15_TR1,PvCF_D3_15_TR1,B,ControlFeeding,Pv
PvCF_D6_11_TR1,CorrectionBiasPvDiet,Prey18S_3,C1,PvCF_D6_11_TR1,PvCF_D6_11_TR1,C,ControlFeeding,Pv
PvCF_D3_05_TR3,CorrectionBiasPvDiet,MiFish_1,C10,PvCF_D3_05_TR3,PvCF_D3_05_TR3,A,ControlFeeding,Pv
PvCF_D6_02_TR2,CorrectionBiasPvDiet,MiFish_2,C10,PvCF_D6_02_TR2,PvCF_D6_02_TR2,B,ControlFeeding,Pv
TM_C10,CorrectionBiasPvDiet,MiFish_3,C10,TM_03_NAnch,TM_C10,C,TissueMix,NAnch
TM_02_PstahSculp,CorrectionBiasPvDiet,MiFish_4,C10,TM_02_PstahSculp,TM_02_PstahSculp,D,TissueMix,PstahSculp
PvCF_D3_05_TR3,CorrectionBiasPvDiet,Prey18S_1,C10,PvCF_D3_05_TR3,PvCF_D3_05_TR3,A,ControlFeeding,Pv
PvCF_D6_02_TR2,CorrectionBiasPvDiet,Prey18S_2,C10,PvCF_D6_02_TR2,PvCF_D6_02_TR2,B,ControlFeeding,Pv
TM_C10,CorrectionBiasPvDiet,Prey18S_3,C10,TM_03_LnoseSkate,TM_C10,C,TissueMix,LnoseSkate
PvCF_D3_09_TR1,CorrectionBiasPvDiet,MiFish_1,C11,PvCF_D3_09_TR1,PvCF_D3_09_TR1,A,ControlFeeding,Pv
PvCF_D6_05_TR3,CorrectionBiasPvDiet,MiFish_2,C11,PvCF_D6_05_TR3,PvCF_D6_05_TR3,B,ControlFeeding,Pv
TM_C11,CorrectionBiasPvDiet,MiFish_3,C11,TM_02_3SpinStick,TM_C11,C,TissueMix,3SpinStick
TM_01_SurfSmel,CorrectionBiasPvDiet,MiFish_4,C11,TM_01_SurfSmel,TM_01_SurfSmel,D,TissueMix,SurfSmel
PvCF_D3_09_TR1,CorrectionBiasPvDiet,Prey18S_1,C11,PvCF_D3_09_TR1,PvCF_D3_09_TR1,A,ControlFeeding,Pv
PvCF_D6_05_TR3,CorrectionBiasPvDiet,Prey18S_2,C11,PvCF_D6_05_TR3,PvCF_D6_05_TR3,B,ControlFeeding,Pv
TM_C11,CorrectionBiasPvDiet,Prey18S_3,C11,TM_02_GhShrmp,TM_C11,C,TissueMix,GhShrmp
PvCF_D3_13_TR1,CorrectionBiasPvDiet,MiFish_1,C12,PvCF_D3_13_TR1,PvCF_D3_13_TR1,A,ControlFeeding,Pv
PvCF_D6_08_TR2,CorrectionBiasPvDiet,MiFish_2,C12,PvCF_D6_08_TR2,PvCF_D6_08_TR2,B,ControlFeeding,Pv
TM_C12,CorrectionBiasPvDiet,MiFish_3,C12,TM_03_FltHdSol,TM_C12,C,TissueMix,FltHdSol
TM_03_LfinSmel,CorrectionBiasPvDiet,MiFish_4,C12,TM_03_LfinSmel,TM_03_LfinSmel,D,TissueMix,LfinSmel
PvCF_D3_13_TR1,CorrectionBiasPvDiet,Prey18S_1,C12,PvCF_D3_13_TR1,PvCF_D3_13_TR1,A,ControlFeeding,Pv
PvCF_D6_08_TR2,CorrectionBiasPvDiet,Prey18S_2,C12,PvCF_D6_08_TR2,PvCF_D6_08_TR2,B,ControlFeeding,Pv
TM_C12,CorrectionBiasPvDiet,Prey18S_3,C12,TM_01_BlkTigShrVAQ,TM_C12,C,TissueMix,BlkTigShrVAQ
PvCF_D1_05_TR3,CorrectionBiasPvDiet,MiFish_1,C2,PvCF_D1_05_TR3,PvCF_D1_05_TR3,A,ControlFeeding,Pv
PvCF_D4_03_TR2,CorrectionBiasPvDiet,MiFish_2,C2,PvCF_D4_03_TR2,PvCF_D4_03_TR2,B,ControlFeeding,Pv
PvCF_D6_14_TR2,CorrectionBiasPvDiet,MiFish_3,C2,PvCF_D6_14_TR2,PvCF_D6_14_TR2,C,ControlFeeding,Pv
TM_01_PacTom,CorrectionBiasPvDiet,MiFish_4,C2,TM_01_PacTom,TM_01_PacTom,D,TissueMix,PacTom
PvCF_D1_05_TR3,CorrectionBiasPvDiet,Prey18S_1,C2,PvCF_D1_05_TR3,PvCF_D1_05_TR3,A,ControlFeeding,Pv
PvCF_D4_03_TR2,CorrectionBiasPvDiet,Prey18S_2,C2,PvCF_D4_03_TR2,PvCF_D4_03_TR2,B,ControlFeeding,Pv
PvCF_D6_14_TR2,CorrectionBiasPvDiet,Prey18S_3,C2,PvCF_D6_14_TR2,PvCF_D6_14_TR2,C,ControlFeeding,Pv
PvCF_D1_08_TR2,CorrectionBiasPvDiet,MiFish_1,C3,PvCF_D1_08_TR2,PvCF_D1_08_TR2,A,ControlFeeding,Pv
PvCF_D4_06_TR1,CorrectionBiasPvDiet,MiFish_2,C3,PvCF_D4_06_TR1,PvCF_D4_06_TR1,B,ControlFeeding,Pv
PvCF_D6_C3,CorrectionBiasPvDiet,MiFish_3,C3,PvCF_D6_19_TR1,PvCF_D6_C3,C,ControlFeeding,Pv
TM_03_GrtSculp,CorrectionBiasPvDiet,MiFish_4,C3,TM_03_GrtSculp,TM_03_GrtSculp,D,TissueMix,GrtSculp
PvCF_D1_08_TR2,CorrectionBiasPvDiet,Prey18S_1,C3,PvCF_D1_08_TR2,PvCF_D1_08_TR2,A,ControlFeeding,Pv
PvCF_D4_06_TR1,CorrectionBiasPvDiet,Prey18S_2,C3,PvCF_D4_06_TR1,PvCF_D4_06_TR1,B,ControlFeeding,Pv
CF_C3,CorrectionBiasPvDiet,Prey18S_3,C3,PvCF_D6_19_TR3,CF_C3,C,ControlFeeding,Pv
PvCF_D1_11_TR3,CorrectionBiasPvDiet,MiFish_1,C4,PvCF_D1_11_TR3,PvCF_D1_11_TR3,A,ControlFeeding,Pv
PvCF_D4_09_TR2,CorrectionBiasPvDiet,MiFish_2,C4,PvCF_D4_09_TR2,PvCF_D4_09_TR2,B,ControlFeeding,Pv
MC_C4,CorrectionBiasPvDiet,MiFish_3,C4,MC_MiFish_Skew1_R3,MC_C4,C,MockCom,MkCom
TM_02_ChumSal,CorrectionBiasPvDiet,MiFish_4,C4,TM_02_ChumSal,TM_02_ChumSal,D,TissueMix,ChumSal
PvCF_D1_11_TR3,CorrectionBiasPvDiet,Prey18S_1,C4,PvCF_D1_11_TR3,PvCF_D1_11_TR3,A,ControlFeeding,Pv
PvCF_D4_09_TR2,CorrectionBiasPvDiet,Prey18S_2,C4,PvCF_D4_09_TR2,PvCF_D4_09_TR2,B,ControlFeeding,Pv
MC_C4,CorrectionBiasPvDiet,Prey18S_3,C4,MC_18S_RepFish_Skew1_R3,MC_C4,C,MockCom,MkCom
PvCF_D2_01_TR2,CorrectionBiasPvDiet,MiFish_1,C5,PvCF_D2_01_TR2,PvCF_D2_01_TR2,A,ControlFeeding,Pv
PvCF_D4_12_TR3,CorrectionBiasPvDiet,MiFish_2,C5,PvCF_D4_12_TR3,PvCF_D4_12_TR3,B,ControlFeeding,Pv
Plate3_C5,CorrectionBiasPvDiet,MiFish_3,C5,TM_01_PacSanLan,Plate3_C5,C,TissueMix,PacSanLan
TM_02_CohoSal,CorrectionBiasPvDiet,MiFish_4,C5,TM_02_CohoSal,TM_02_CohoSal,D,TissueMix,CohoSal
PvCF_D2_01_TR2,CorrectionBiasPvDiet,Prey18S_1,C5,PvCF_D2_01_TR2,PvCF_D2_01_TR2,A,ControlFeeding,Pv
PvCF_D4_12_TR3,CorrectionBiasPvDiet,Prey18S_2,C5,PvCF_D4_12_TR3,PvCF_D4_12_TR3,B,ControlFeeding,Pv
Plate3_C5,CorrectionBiasPvDiet,Prey18S_3,C5,MC_18S_CombFish_Skew1_R2,Plate3_C5,C,MockCom,MkCom
PvCF_D2_04_TR1,CorrectionBiasPvDiet,MiFish_1,C6,PvCF_D2_04_TR1,PvCF_D2_04_TR1,A,ControlFeeding,Pv
PvCF_D5_03_TR1,CorrectionBiasPvDiet,MiFish_2,C6,PvCF_D5_03_TR1,PvCF_D5_03_TR1,B,ControlFeeding,Pv
TM_C6,CorrectionBiasPvDiet,MiFish_3,C6,TM_01_BSkate,TM_C6,C,TissueMix,BSkate
TM_01_AtlSal,CorrectionBiasPvDiet,MiFish_4,C6,TM_01_AtlSal,TM_01_AtlSal,D,TissueMix,AtlSal
PvCF_D2_04_TR1,CorrectionBiasPvDiet,Prey18S_1,C6,PvCF_D2_04_TR1,PvCF_D2_04_TR1,A,ControlFeeding,Pv
PvCF_D5_03_TR1,CorrectionBiasPvDiet,Prey18S_2,C6,PvCF_D5_03_TR1,PvCF_D5_03_TR1,B,ControlFeeding,Pv
TM_C6,CorrectionBiasPvDiet,Prey18S_3,C6,TM_03_MgArmSq,TM_C6,C,TissueMix,MgArmSq
PvCF_D2_06_TR3,CorrectionBiasPvDiet,MiFish_1,C7,PvCF_D2_06_TR3,PvCF_D2_06_TR3,A,ControlFeeding,Pv
PvCF_D5_07_TR1,CorrectionBiasPvDiet,MiFish_2,C7,PvCF_D5_07_TR1,PvCF_D5_07_TR1,B,ControlFeeding,Pv
TM_C7,CorrectionBiasPvDiet,MiFish_3,C7,TM_01_RivLamp,TM_C7,C,TissueMix,RivLamp
TM_02_EngSol,CorrectionBiasPvDiet,MiFish_4,C7,TM_02_EngSol,TM_02_EngSol,D,TissueMix,EngSol
PvCF_D2_06_TR3,CorrectionBiasPvDiet,Prey18S_1,C7,PvCF_D2_06_TR3,PvCF_D2_06_TR3,A,ControlFeeding,Pv
PvCF_D5_07_TR1,CorrectionBiasPvDiet,Prey18S_2,C7,PvCF_D5_07_TR1,PvCF_D5_07_TR1,B,ControlFeeding,Pv
TM_C7,CorrectionBiasPvDiet,Prey18S_3,C7,TM_02_GPO_01,TM_C7,C,TissueMix,GPO
PvCF_D2_09_TR2,CorrectionBiasPvDiet,MiFish_1,C8,PvCF_D2_09_TR2,PvCF_D2_09_TR2,A,ControlFeeding,Pv
PvCF_D5_09_TR3,CorrectionBiasPvDiet,MiFish_2,C8,PvCF_D5_09_TR3,PvCF_D5_09_TR3,B,ControlFeeding,Pv
TM_C8,CorrectionBiasPvDiet,MiFish_3,C8,TM_02_PadSculp,TM_C8,C,TissueMix,PadSculp
TM_03_StarFloun,CorrectionBiasPvDiet,MiFish_4,C8,TM_03_StarFloun,TM_03_StarFloun,D,TissueMix,StarFloun
PvCF_D2_09_TR2,CorrectionBiasPvDiet,Prey18S_1,C8,PvCF_D2_09_TR2,PvCF_D2_09_TR2,A,ControlFeeding,Pv
PvCF_D5_09_TR3,CorrectionBiasPvDiet,Prey18S_2,C8,PvCF_D5_09_TR3,PvCF_D5_09_TR3,B,ControlFeeding,Pv
TM_C8,CorrectionBiasPvDiet,Prey18S_3,C8,TM_01_CoonStShrp,TM_C8,C,TissueMix,CoonStShrp
PvCF_D3_01_TR3,CorrectionBiasPvDiet,MiFish_1,C9,PvCF_D3_01_TR3,PvCF_D3_01_TR3,A,ControlFeeding,Pv
PvCF_D5_13_TR1,CorrectionBiasPvDiet,MiFish_2,C9,PvCF_D5_13_TR1,PvCF_D5_13_TR1,B,ControlFeeding,Pv
TM_C9,CorrectionBiasPvDiet,MiFish_3,C9,TM_01_SpecSdab,TM_C9,C,TissueMix,SpecSdab
TM_02_PlfinMid,CorrectionBiasPvDiet,MiFish_4,C9,TM_02_PlfinMid,TM_02_PlfinMid,D,TissueMix,PlfinMid
PvCF_D3_01_TR3,CorrectionBiasPvDiet,Prey18S_1,C9,PvCF_D3_01_TR3,PvCF_D3_01_TR3,A,ControlFeeding,Pv
PvCF_D5_13_TR1,CorrectionBiasPvDiet,Prey18S_2,C9,PvCF_D5_13_TR1,PvCF_D5_13_TR1,B,ControlFeeding,Pv
TM_C9,CorrectionBiasPvDiet,Prey18S_3,C9,TM_03_PnkShrmp,TM_C9,C,TissueMix,PnkShrmp
PvCF_D1_02_TR1,CorrectionBiasPvDiet,MiFish_1,D1,PvCF_D1_02_TR1,PvCF_D1_02_TR1,A,ControlFeeding,Pv
PvCF_D3_15_TR2,CorrectionBiasPvDiet,MiFish_2,D1,PvCF_D3_15_TR2,PvCF_D3_15_TR2,B,ControlFeeding,Pv
PvCF_D6_11_TR2,CorrectionBiasPvDiet,MiFish_3,D1,PvCF_D6_11_TR2,PvCF_D6_11_TR2,C,ControlFeeding,Pv
TM_03_SlendSol,CorrectionBiasPvDiet,MiFish_4,D1,TM_03_SlendSol,TM_03_SlendSol,D,TissueMix,SlendSol
PvCF_D1_02_TR1,CorrectionBiasPvDiet,Prey18S_1,D1,PvCF_D1_02_TR1,PvCF_D1_02_TR1,A,ControlFeeding,Pv
PvCF_D3_15_TR2,CorrectionBiasPvDiet,Prey18S_2,D1,PvCF_D3_15_TR2,PvCF_D3_15_TR2,B,ControlFeeding,Pv
PvCF_D6_11_TR2,CorrectionBiasPvDiet,Prey18S_3,D1,PvCF_D6_11_TR2,PvCF_D6_11_TR2,C,ControlFeeding,Pv
PvCF_D3_06_TR1,CorrectionBiasPvDiet,MiFish_1,D10,PvCF_D3_06_TR1,PvCF_D3_06_TR1,A,ControlFeeding,Pv
PvCF_D6_02_TR3,CorrectionBiasPvDiet,MiFish_2,D10,PvCF_D6_02_TR3,PvCF_D6_02_TR3,B,ControlFeeding,Pv
TM_D10,CorrectionBiasPvDiet,MiFish_3,D10,TM_01_BufSculp,TM_D10,C,TissueMix,BufSculp
TM_03_PstahSculp,CorrectionBiasPvDiet,MiFish_4,D10,TM_03_PstahSculp,TM_03_PstahSculp,D,TissueMix,PstahSculp
PvCF_D3_06_TR1,CorrectionBiasPvDiet,Prey18S_1,D10,PvCF_D3_06_TR1,PvCF_D3_06_TR1,A,ControlFeeding,Pv
PvCF_D6_02_TR3,CorrectionBiasPvDiet,Prey18S_2,D10,PvCF_D6_02_TR3,PvCF_D6_02_TR3,B,ControlFeeding,Pv
TM_D10,CorrectionBiasPvDiet,Prey18S_3,D10,TM_01_RivLamp,TM_D10,C,TissueMix,RivLamp
PvCF_D3_09_TR2,CorrectionBiasPvDiet,MiFish_1,D11,PvCF_D3_09_TR2,PvCF_D3_09_TR2,A,ControlFeeding,Pv
PvCF_D6_06_TR1,CorrectionBiasPvDiet,MiFish_2,D11,PvCF_D6_06_TR1,PvCF_D6_06_TR1,B,ControlFeeding,Pv
TM_D11,CorrectionBiasPvDiet,MiFish_3,D11,TM_03_3SpinStick,TM_D11,C,TissueMix,3SpinStick
TM_02_SurfSmel,CorrectionBiasPvDiet,MiFish_4,D11,TM_02_SurfSmel,TM_02_SurfSmel,D,TissueMix,SurfSmel
PvCF_D3_09_TR2,CorrectionBiasPvDiet,Prey18S_1,D11,PvCF_D3_09_TR2,PvCF_D3_09_TR2,A,ControlFeeding,Pv
PvCF_D6_06_TR1,CorrectionBiasPvDiet,Prey18S_2,D11,PvCF_D6_06_TR1,PvCF_D6_06_TR1,B,ControlFeeding,Pv
TM_D11,CorrectionBiasPvDiet,Prey18S_3,D11,TM_03_GhShrmp,TM_D11,C,TissueMix,GhShrmp
PvCF_D3_13_TR2,CorrectionBiasPvDiet,MiFish_1,D12,PvCF_D3_13_TR2,PvCF_D3_13_TR2,A,ControlFeeding,Pv
PvCF_D6_08_TR3,CorrectionBiasPvDiet,MiFish_2,D12,PvCF_D6_08_TR3,PvCF_D6_08_TR3,B,ControlFeeding,Pv
TM_D12,CorrectionBiasPvDiet,MiFish_3,D12,TM_01_ButtSol,TM_D12,C,TissueMix,ButtSol
TM_01_Pompano,CorrectionBiasPvDiet,MiFish_4,D12,TM_01_Pompano,TM_01_Pompano,D,TissueMix,Pompano
PvCF_D3_13_TR2,CorrectionBiasPvDiet,Prey18S_1,D12,PvCF_D3_13_TR2,PvCF_D3_13_TR2,A,ControlFeeding,Pv
PvCF_D6_08_TR3,CorrectionBiasPvDiet,Prey18S_2,D12,PvCF_D6_08_TR3,PvCF_D6_08_TR3,B,ControlFeeding,Pv
TM_D12,CorrectionBiasPvDiet,Prey18S_3,D12,TM_02_BlkTigShrVAQ,TM_D12,C,TissueMix,BlkTigShrVAQ
PvCF_D1_06_TR1,CorrectionBiasPvDiet,MiFish_1,D2,PvCF_D1_06_TR1,PvCF_D1_06_TR1,A,ControlFeeding,Pv
PvCF_D4_03_TR3,CorrectionBiasPvDiet,MiFish_2,D2,PvCF_D4_03_TR3,PvCF_D4_03_TR3,B,ControlFeeding,Pv
PvCF_D6_14_TR3,CorrectionBiasPvDiet,MiFish_3,D2,PvCF_D6_14_TR3,PvCF_D6_14_TR3,C,ControlFeeding,Pv
TM_02_PacTom,CorrectionBiasPvDiet,MiFish_4,D2,TM_02_PacTom,TM_02_PacTom,D,TissueMix,PacTom
PvCF_D1_06_TR1,CorrectionBiasPvDiet,Prey18S_1,D2,PvCF_D1_06_TR1,PvCF_D1_06_TR1,A,ControlFeeding,Pv
PvCF_D4_03_TR3,CorrectionBiasPvDiet,Prey18S_2,D2,PvCF_D4_03_TR3,PvCF_D4_03_TR3,B,ControlFeeding,Pv
PvCF_D6_14_TR3,CorrectionBiasPvDiet,Prey18S_3,D2,PvCF_D6_14_TR3,PvCF_D6_14_TR3,C,ControlFeeding,Pv
PvCF_D1_08_TR3,CorrectionBiasPvDiet,MiFish_1,D3,PvCF_D1_08_TR3,PvCF_D1_08_TR3,A,ControlFeeding,Pv
PvCF_D4_07_TR1,CorrectionBiasPvDiet,MiFish_2,D3,PvCF_D4_07_TR1,PvCF_D4_07_TR1,B,ControlFeeding,Pv
Plate3_D3,CorrectionBiasPvDiet,MiFish_3,D3,PvCF_D6_19_TR2,Plate3_D3,C,ControlFeeding,Pv
TM_01_TpoolSculp,CorrectionBiasPvDiet,MiFish_4,D3,TM_01_TpoolSculp,TM_01_TpoolSculp,D,TissueMix,TpoolSculp
PvCF_D1_08_TR3,CorrectionBiasPvDiet,Prey18S_1,D3,PvCF_D1_08_TR3,PvCF_D1_08_TR3,A,ControlFeeding,Pv
PvCF_D4_07_TR1,CorrectionBiasPvDiet,Prey18S_2,D3,PvCF_D4_07_TR1,PvCF_D4_07_TR1,B,ControlFeeding,Pv
Plate3_D3,CorrectionBiasPvDiet,Prey18S_3,D3,NTC_18S3,Plate3_D3,C,NegCtrl,NC
PvCF_D1_12_TR1,CorrectionBiasPvDiet,MiFish_1,D4,PvCF_D1_12_TR1,PvCF_D1_12_TR1,A,ControlFeeding,Pv
PvCF_D4_09_TR3,CorrectionBiasPvDiet,MiFish_2,D4,PvCF_D4_09_TR3,PvCF_D4_09_TR3,B,ControlFeeding,Pv
MC_D4,CorrectionBiasPvDiet,MiFish_3,D4,MC_MiFish_Skew2_R1,MC_D4,C,MockCom,MkCom
TM_03_ChumSal,CorrectionBiasPvDiet,MiFish_4,D4,TM_03_ChumSal,TM_03_ChumSal,D,TissueMix,ChumSal
PvCF_D1_12_TR1,CorrectionBiasPvDiet,Prey18S_1,D4,PvCF_D1_12_TR1,PvCF_D1_12_TR1,A,ControlFeeding,Pv
PvCF_D4_09_TR3,CorrectionBiasPvDiet,Prey18S_2,D4,PvCF_D4_09_TR3,PvCF_D4_09_TR3,B,ControlFeeding,Pv
MC_D4,CorrectionBiasPvDiet,Prey18S_3,D4,MC_18S_RepFish_Skew2_R1,MC_D4,C,MockCom,MkCom
PvCF_D2_01_TR3,CorrectionBiasPvDiet,MiFish_1,D5,PvCF_D2_01_TR3,PvCF_D2_01_TR3,A,ControlFeeding,Pv
PvCF_D4_13_TR1,CorrectionBiasPvDiet,MiFish_2,D5,PvCF_D4_13_TR1,PvCF_D4_13_TR1,B,ControlFeeding,Pv
Plate3_D5,CorrectionBiasPvDiet,MiFish_3,D5,TM_02_PacSanLan,Plate3_D5,C,TissueMix,PacSanLan
TM_03_CohoSal,CorrectionBiasPvDiet,MiFish_4,D5,TM_03_CohoSal,TM_03_CohoSal,D,TissueMix,CohoSal
PvCF_D2_01_TR3,CorrectionBiasPvDiet,Prey18S_1,D5,PvCF_D2_01_TR3,PvCF_D2_01_TR3,A,ControlFeeding,Pv
PvCF_D4_13_TR1,CorrectionBiasPvDiet,Prey18S_2,D5,PvCF_D4_13_TR1,PvCF_D4_13_TR1,B,ControlFeeding,Pv
Plate3_D5,CorrectionBiasPvDiet,Prey18S_3,D5,MC_18S_CombFish_Skew1_R3,Plate3_D5,C,MockCom,MkCom
PvCF_D2_04_TR2,CorrectionBiasPvDiet,MiFish_1,D6,PvCF_D2_04_TR2,PvCF_D2_04_TR2,A,ControlFeeding,Pv
PvCF_D5_04_TR1,CorrectionBiasPvDiet,MiFish_2,D6,PvCF_D5_04_TR1,PvCF_D5_04_TR1,B,ControlFeeding,Pv
TM_D6,CorrectionBiasPvDiet,MiFish_3,D6,TM_02_BSkate,TM_D6,C,TissueMix,BSkate
TM_01_ChinSal,CorrectionBiasPvDiet,MiFish_4,D6,TM_01_ChinSal,TM_01_ChinSal,D,TissueMix,ChinSal
PvCF_D2_04_TR2,CorrectionBiasPvDiet,Prey18S_1,D6,PvCF_D2_04_TR2,PvCF_D2_04_TR2,A,ControlFeeding,Pv
PvCF_D5_04_TR1,CorrectionBiasPvDiet,Prey18S_2,D6,PvCF_D5_04_TR1,PvCF_D5_04_TR1,B,ControlFeeding,Pv
TM_D6,CorrectionBiasPvDiet,Prey18S_3,D6,TM_01_BayShr,TM_D6,C,TissueMix,BayShr
PvCF_D2_07_TR1,CorrectionBiasPvDiet,MiFish_1,D7,PvCF_D2_07_TR1,PvCF_D2_07_TR1,A,ControlFeeding,Pv
PvCF_D5_07_TR2,CorrectionBiasPvDiet,MiFish_2,D7,PvCF_D5_07_TR2,PvCF_D5_07_TR2,B,ControlFeeding,Pv
TM_D7,CorrectionBiasPvDiet,MiFish_3,D7,TM_02_RivLamp,TM_D7,C,TissueMix,RivLamp
TM_03_EngSol,CorrectionBiasPvDiet,MiFish_4,D7,TM_03_EngSol,TM_03_EngSol,D,TissueMix,EngSol
PvCF_D2_07_TR1,CorrectionBiasPvDiet,Prey18S_1,D7,PvCF_D2_07_TR1,PvCF_D2_07_TR1,A,ControlFeeding,Pv
PvCF_D5_07_TR2,CorrectionBiasPvDiet,Prey18S_2,D7,PvCF_D5_07_TR2,PvCF_D5_07_TR2,B,ControlFeeding,Pv
TM_D7,CorrectionBiasPvDiet,Prey18S_3,D7,TM_02_GPO_02,TM_D7,C,TissueMix,GPO
PvCF_D2_09_TR3,CorrectionBiasPvDiet,MiFish_1,D8,PvCF_D2_09_TR3,PvCF_D2_09_TR3,A,ControlFeeding,Pv
PvCF_D5_10_TR1,CorrectionBiasPvDiet,MiFish_2,D8,PvCF_D5_10_TR1,PvCF_D5_10_TR1,B,ControlFeeding,Pv
TM_D8,CorrectionBiasPvDiet,MiFish_3,D8,TM_03_PadSculp,TM_D8,C,TissueMix,PadSculp
TM_01_COSol,CorrectionBiasPvDiet,MiFish_4,D8,TM_01_COSol,TM_01_COSol,D,TissueMix,COSol
PvCF_D2_09_TR3,CorrectionBiasPvDiet,Prey18S_1,D8,PvCF_D2_09_TR3,PvCF_D2_09_TR3,A,ControlFeeding,Pv
PvCF_D5_10_TR1,CorrectionBiasPvDiet,Prey18S_2,D8,PvCF_D5_10_TR1,PvCF_D5_10_TR1,B,ControlFeeding,Pv
TM_D8,CorrectionBiasPvDiet,Prey18S_3,D8,TM_02_CoonStShrp_01,TM_D8,C,TissueMix,CoonStShrp
PvCF_D3_02_TR1,CorrectionBiasPvDiet,MiFish_1,D9,PvCF_D3_02_TR1,PvCF_D3_02_TR1,A,ControlFeeding,Pv
PvCF_D5_14_TR1,CorrectionBiasPvDiet,MiFish_2,D9,PvCF_D5_14_TR1,PvCF_D5_14_TR1,B,ControlFeeding,Pv
TM_D9,CorrectionBiasPvDiet,MiFish_3,D9,TM_02_SpecSdab,TM_D9,C,TissueMix,SpecSdab
TM_03_PlfinMid,CorrectionBiasPvDiet,MiFish_4,D9,TM_03_PlfinMid,TM_03_PlfinMid,D,TissueMix,PlfinMid
PvCF_D3_02_TR1,CorrectionBiasPvDiet,Prey18S_1,D9,PvCF_D3_02_TR1,PvCF_D3_02_TR1,A,ControlFeeding,Pv
PvCF_D5_14_TR1,CorrectionBiasPvDiet,Prey18S_2,D9,PvCF_D5_14_TR1,PvCF_D5_14_TR1,B,ControlFeeding,Pv
TM_D9,CorrectionBiasPvDiet,Prey18S_3,D9,TM_01_SpDog,TM_D9,C,TissueMix,SpDog
PvCF_D1_02_TR2,CorrectionBiasPvDiet,MiFish_1,E1,PvCF_D1_02_TR2,PvCF_D1_02_TR2,A,ControlFeeding,Pv
PvCF_D3_15_TR3,CorrectionBiasPvDiet,MiFish_2,E1,PvCF_D3_15_TR3,PvCF_D3_15_TR3,B,ControlFeeding,Pv
PvCF_D6_11_TR3,CorrectionBiasPvDiet,MiFish_3,E1,PvCF_D6_11_TR3,PvCF_D6_11_TR3,C,ControlFeeding,Pv
TM_01_Capel_VAQ,CorrectionBiasPvDiet,MiFish_4,E1,TM_01_VAQCapelin,TM_01_Capel_VAQ,D,TissueMix,VAQCapelin
PvCF_D1_02_TR2,CorrectionBiasPvDiet,Prey18S_1,E1,PvCF_D1_02_TR2,PvCF_D1_02_TR2,A,ControlFeeding,Pv
PvCF_D3_15_TR3,CorrectionBiasPvDiet,Prey18S_2,E1,PvCF_D3_15_TR3,PvCF_D3_15_TR3,B,ControlFeeding,Pv
PvCF_D6_11_TR3,CorrectionBiasPvDiet,Prey18S_3,E1,PvCF_D6_11_TR3,PvCF_D6_11_TR3,C,ControlFeeding,Pv
PvCF_D3_07_TR1,CorrectionBiasPvDiet,MiFish_1,E10,PvCF_D3_07_TR1,PvCF_D3_07_TR1,A,ControlFeeding,Pv
PvCF_D6_03_TR1,CorrectionBiasPvDiet,MiFish_2,E10,PvCF_D6_03_TR1,PvCF_D6_03_TR1,B,ControlFeeding,Pv
TM_E10,CorrectionBiasPvDiet,MiFish_3,E10,TM_02_BufSculp,TM_E10,C,TissueMix,BufSculp
TM_01_SnakPrick,CorrectionBiasPvDiet,MiFish_4,E10,TM_01_SnakPrick,TM_01_SnakPrick,D,TissueMix,SnakPrick
PvCF_D3_07_TR1,CorrectionBiasPvDiet,Prey18S_1,E10,PvCF_D3_07_TR1,PvCF_D3_07_TR1,A,ControlFeeding,Pv
PvCF_D6_03_TR1,CorrectionBiasPvDiet,Prey18S_2,E10,PvCF_D6_03_TR1,PvCF_D6_03_TR1,B,ControlFeeding,Pv
TM_E10,CorrectionBiasPvDiet,Prey18S_3,E10,TM_02_RivLamp,TM_E10,C,TissueMix,RivLamp
PvCF_D3_09_TR3,CorrectionBiasPvDiet,MiFish_1,E11,PvCF_D3_09_TR3,PvCF_D3_09_TR3,A,ControlFeeding,Pv
PvCF_D6_06_TR2,CorrectionBiasPvDiet,MiFish_2,E11,PvCF_D6_06_TR2,PvCF_D6_06_TR2,B,ControlFeeding,Pv
TM_E11,CorrectionBiasPvDiet,MiFish_3,E11,TM_01_RexSol,TM_E11,C,TissueMix,RexSol
TM_03_SurfSmel,CorrectionBiasPvDiet,MiFish_4,E11,TM_03_SurfSmel,TM_03_SurfSmel,D,TissueMix,SurfSmel
PvCF_D3_09_TR3,CorrectionBiasPvDiet,Prey18S_1,E11,PvCF_D3_09_TR3,PvCF_D3_09_TR3,A,ControlFeeding,Pv
PvCF_D6_06_TR2,CorrectionBiasPvDiet,Prey18S_2,E11,PvCF_D6_06_TR2,PvCF_D6_06_TR2,B,ControlFeeding,Pv
TM_E11,CorrectionBiasPvDiet,Prey18S_3,E11,TM_01_StubSq_01,TM_E11,C,TissueMix,StubSq
PvCF_D3_13_TR3,CorrectionBiasPvDiet,MiFish_1,E12,PvCF_D3_13_TR3,PvCF_D3_13_TR3,A,ControlFeeding,Pv
PvCF_D6_09_TR1,CorrectionBiasPvDiet,MiFish_2,E12,PvCF_D6_09_TR1,PvCF_D6_09_TR1,B,ControlFeeding,Pv
TM_E12,CorrectionBiasPvDiet,MiFish_3,E12,TM_02_ButtSol,TM_E12,C,TissueMix,ButtSol
TM_02_Pompano,CorrectionBiasPvDiet,MiFish_4,E12,TM_02_Pompano,TM_02_Pompano,D,TissueMix,Pompano
PvCF_D3_13_TR3,CorrectionBiasPvDiet,Prey18S_1,E12,PvCF_D3_13_TR3,PvCF_D3_13_TR3,A,ControlFeeding,Pv
PvCF_D6_09_TR1,CorrectionBiasPvDiet,Prey18S_2,E12,PvCF_D6_09_TR1,PvCF_D6_09_TR1,B,ControlFeeding,Pv
TM_E12,CorrectionBiasPvDiet,Prey18S_3,E12,TM_03_BlkTigShrVAQ,TM_E12,C,TissueMix,BlkTigShrVAQ
PvCF_D1_06_TR2,CorrectionBiasPvDiet,MiFish_1,E2,PvCF_D1_06_TR2,PvCF_D1_06_TR2,A,ControlFeeding,Pv
PvCF_D4_04_TR1,CorrectionBiasPvDiet,MiFish_2,E2,PvCF_D4_04_TR1,PvCF_D4_04_TR1,B,ControlFeeding,Pv
PvCF_D6_15_TR1,CorrectionBiasPvDiet,MiFish_3,E2,PvCF_D6_15_TR1,PvCF_D6_15_TR1,C,ControlFeeding,Pv
TM_03_PacTom,CorrectionBiasPvDiet,MiFish_4,E2,TM_03_PacTom,TM_03_PacTom,D,TissueMix,PacTom
PvCF_D1_06_TR2,CorrectionBiasPvDiet,Prey18S_1,E2,PvCF_D1_06_TR2,PvCF_D1_06_TR2,A,ControlFeeding,Pv
PvCF_D4_04_TR1,CorrectionBiasPvDiet,Prey18S_2,E2,PvCF_D4_04_TR1,PvCF_D4_04_TR1,B,ControlFeeding,Pv
PvCF_D6_15_TR1,CorrectionBiasPvDiet,Prey18S_3,E2,PvCF_D6_15_TR1,PvCF_D6_15_TR1,C,ControlFeeding,Pv
PvCF_D1_09_TR1,CorrectionBiasPvDiet,MiFish_1,E3,PvCF_D1_09_TR1,PvCF_D1_09_TR1,A,ControlFeeding,Pv
PvCF_D4_07_TR2,CorrectionBiasPvDiet,MiFish_2,E3,PvCF_D4_07_TR2,PvCF_D4_07_TR2,B,ControlFeeding,Pv
Plate3_E3,CorrectionBiasPvDiet,MiFish_3,E3,PvCF_D6_19_TR3,Plate3_E3,C,ControlFeeding,Pv
TM_02_TpoolSculp,CorrectionBiasPvDiet,MiFish_4,E3,TM_02_TpoolSculp,TM_02_TpoolSculp,D,TissueMix,TpoolSculp
PvCF_D1_09_TR1,CorrectionBiasPvDiet,Prey18S_1,E3,PvCF_D1_09_TR1,PvCF_D1_09_TR1,A,ControlFeeding,Pv
PvCF_D4_07_TR2,CorrectionBiasPvDiet,Prey18S_2,E3,PvCF_D4_07_TR2,PvCF_D4_07_TR2,B,ControlFeeding,Pv
Plate3_E3,CorrectionBiasPvDiet,Prey18S_3,E3,PosCtrl_18S_gblock_3,Plate3_E3,C,PosCtrl,PC
PvCF_D1_13_TR1,CorrectionBiasPvDiet,MiFish_1,E4,PvCF_D1_13_TR1,PvCF_D1_13_TR1,A,ControlFeeding,Pv
PvCF_D4_10_TR1,CorrectionBiasPvDiet,MiFish_2,E4,PvCF_D4_10_TR1,PvCF_D4_10_TR1,B,ControlFeeding,Pv
MC_E4,CorrectionBiasPvDiet,MiFish_3,E4,MC_MiFish_Skew2_R2,MC_E4,C,MockCom,MkCom
TM_01_ChumSal_VAQ,CorrectionBiasPvDiet,MiFish_4,E4,TM_01_ChumSalVAQ,TM_01_ChumSal_VAQ,D,TissueMix,ChumSalVAQ
PvCF_D1_13_TR1,CorrectionBiasPvDiet,Prey18S_1,E4,PvCF_D1_13_TR1,PvCF_D1_13_TR1,A,ControlFeeding,Pv
PvCF_D4_10_TR1,CorrectionBiasPvDiet,Prey18S_2,E4,PvCF_D4_10_TR1,PvCF_D4_10_TR1,B,ControlFeeding,Pv
MC_E4,CorrectionBiasPvDiet,Prey18S_3,E4,MC_18S_RepFish_Skew2_R2,MC_E4,C,MockCom,MkCom
PvCF_D2_02_TR1,CorrectionBiasPvDiet,MiFish_1,E5,PvCF_D2_02_TR1,PvCF_D2_02_TR1,A,ControlFeeding,Pv
PvCF_D5_01_TR1,CorrectionBiasPvDiet,MiFish_2,E5,PvCF_D5_01_TR1,PvCF_D5_01_TR1,B,ControlFeeding,Pv
Plate3_E5,CorrectionBiasPvDiet,MiFish_3,E5,TM_03_PacSanLan,Plate3_E5,C,TissueMix,PacSanLan
TM_01_SteelHd,CorrectionBiasPvDiet,MiFish_4,E5,TM_01_SteelHd,TM_01_SteelHd,D,TissueMix,SteelHd
PvCF_D2_02_TR1,CorrectionBiasPvDiet,Prey18S_1,E5,PvCF_D2_02_TR1,PvCF_D2_02_TR1,A,ControlFeeding,Pv
PvCF_D5_01_TR1,CorrectionBiasPvDiet,Prey18S_2,E5,PvCF_D5_01_TR1,PvCF_D5_01_TR1,B,ControlFeeding,Pv
Plate3_E5,CorrectionBiasPvDiet,Prey18S_3,E5,MC_18S_CombFish_Skew2_R1,Plate3_E5,C,MockCom,MkCom
PvCF_D2_04_TR3,CorrectionBiasPvDiet,MiFish_1,E6,PvCF_D2_04_TR3,PvCF_D2_04_TR3,A,ControlFeeding,Pv
PvCF_D5_04_TR2,CorrectionBiasPvDiet,MiFish_2,E6,PvCF_D5_04_TR2,PvCF_D5_04_TR2,B,ControlFeeding,Pv
TM_E6,CorrectionBiasPvDiet,MiFish_3,E6,TM_01_LnoseSkate,TM_E6,C,TissueMix,LnoseSkate
TM_02_ChinSal,CorrectionBiasPvDiet,MiFish_4,E6,TM_02_ChinSal,TM_02_ChinSal,D,TissueMix,ChinSal
PvCF_D2_04_TR3,CorrectionBiasPvDiet,Prey18S_1,E6,PvCF_D2_04_TR3,PvCF_D2_04_TR3,A,ControlFeeding,Pv
PvCF_D5_04_TR2,CorrectionBiasPvDiet,Prey18S_2,E6,PvCF_D5_04_TR2,PvCF_D5_04_TR2,B,ControlFeeding,Pv
TM_E6,CorrectionBiasPvDiet,Prey18S_3,E6,TM_02_BayShr,TM_E6,C,TissueMix,BayShr
PvCF_D2_07_TR2,CorrectionBiasPvDiet,MiFish_1,E7,PvCF_D2_07_TR2,PvCF_D2_07_TR2,A,ControlFeeding,Pv
PvCF_D5_07_TR3,CorrectionBiasPvDiet,MiFish_2,E7,PvCF_D5_07_TR3,PvCF_D5_07_TR3,B,ControlFeeding,Pv
TM_E7,CorrectionBiasPvDiet,MiFish_3,E7,TM_03_RivLamp,TM_E7,C,TissueMix,RivLamp
TM_01_CresGun,CorrectionBiasPvDiet,MiFish_4,E7,TM_01_CresGun,TM_01_CresGun,D,TissueMix,CresGun
PvCF_D2_07_TR2,CorrectionBiasPvDiet,Prey18S_1,E7,PvCF_D2_07_TR2,PvCF_D2_07_TR2,A,ControlFeeding,Pv
PvCF_D5_07_TR3,CorrectionBiasPvDiet,Prey18S_2,E7,PvCF_D5_07_TR3,PvCF_D5_07_TR3,B,ControlFeeding,Pv
TM_E7,CorrectionBiasPvDiet,Prey18S_3,E7,TM_01_Ratfish,TM_E7,C,TissueMix,Ratfish
PvCF_D2_10_TR1,CorrectionBiasPvDiet,MiFish_1,E8,PvCF_D2_10_TR1,PvCF_D2_10_TR1,A,ControlFeeding,Pv
PvCF_D5_11_TR1,CorrectionBiasPvDiet,MiFish_2,E8,PvCF_D5_11_TR1,PvCF_D5_11_TR1,B,ControlFeeding,Pv
TM_E8,CorrectionBiasPvDiet,MiFish_3,E8,TM_01_RoughSculp,TM_E8,C,TissueMix,RoughSculp
TM_02_COSol,CorrectionBiasPvDiet,MiFish_4,E8,TM_02_COSol,TM_02_COSol,D,TissueMix,COSol
PvCF_D2_10_TR1,CorrectionBiasPvDiet,Prey18S_1,E8,PvCF_D2_10_TR1,PvCF_D2_10_TR1,A,ControlFeeding,Pv
PvCF_D5_11_TR1,CorrectionBiasPvDiet,Prey18S_2,E8,PvCF_D5_11_TR1,PvCF_D5_11_TR1,B,ControlFeeding,Pv
TM_E8,CorrectionBiasPvDiet,Prey18S_3,E8,TM_02_CoonStShrp_02,TM_E8,C,TissueMix,CoonStShrp
PvCF_D3_03_TR1,CorrectionBiasPvDiet,MiFish_1,E9,PvCF_D3_03_TR1,PvCF_D3_03_TR1,A,ControlFeeding,Pv
PvCF_D5_14_TR2,CorrectionBiasPvDiet,MiFish_2,E9,PvCF_D5_14_TR2,PvCF_D5_14_TR2,B,ControlFeeding,Pv
TM_E9,CorrectionBiasPvDiet,MiFish_3,E9,TM_03_SpecSdab,TM_E9,C,TissueMix,SpecSdab
TM_01_NorRonq,CorrectionBiasPvDiet,MiFish_4,E9,TM_01_NorRonq,TM_01_NorRonq,D,TissueMix,NorRonq
PvCF_D3_03_TR1,CorrectionBiasPvDiet,Prey18S_1,E9,PvCF_D3_03_TR1,PvCF_D3_03_TR1,A,ControlFeeding,Pv
PvCF_D5_14_TR2,CorrectionBiasPvDiet,Prey18S_2,E9,PvCF_D5_14_TR2,PvCF_D5_14_TR2,B,ControlFeeding,Pv
TM_E9,CorrectionBiasPvDiet,Prey18S_3,E9,TM_02_SpDog,TM_E9,C,TissueMix,SpDog
PvCF_D1_02_TR3,CorrectionBiasPvDiet,MiFish_1,F1,PvCF_D1_02_TR3,PvCF_D1_02_TR3,A,ControlFeeding,Pv
PvCF_D4_01_TR1,CorrectionBiasPvDiet,MiFish_2,F1,PvCF_D4_01_TR1,PvCF_D4_01_TR1,B,ControlFeeding,Pv
PvCF_D6_12_TR1,CorrectionBiasPvDiet,MiFish_3,F1,PvCF_D6_12_TR1,PvCF_D6_12_TR1,C,ControlFeeding,Pv
TM_02_Capel_VAQ,CorrectionBiasPvDiet,MiFish_4,F1,TM_02_VAQCapelin,TM_02_Capel_VAQ,D,TissueMix,VAQCapelin
PvCF_D1_02_TR3,CorrectionBiasPvDiet,Prey18S_1,F1,PvCF_D1_02_TR3,PvCF_D1_02_TR3,A,ControlFeeding,Pv
PvCF_D4_01_TR1,CorrectionBiasPvDiet,Prey18S_2,F1,PvCF_D4_01_TR1,PvCF_D4_01_TR1,B,ControlFeeding,Pv
PvCF_D6_12_TR1,CorrectionBiasPvDiet,Prey18S_3,F1,PvCF_D6_12_TR1,PvCF_D6_12_TR1,C,ControlFeeding,Pv
PvCF_D3_07_TR2,CorrectionBiasPvDiet,MiFish_1,F10,PvCF_D3_07_TR2,PvCF_D3_07_TR2,A,ControlFeeding,Pv
PvCF_D6_03_TR2,CorrectionBiasPvDiet,MiFish_2,F10,PvCF_D6_03_TR2,PvCF_D6_03_TR2,B,ControlFeeding,Pv
TM_F10,CorrectionBiasPvDiet,MiFish_3,F10,TM_03_BufSculp,TM_F10,C,TissueMix,BufSculp
TM_02_SnakPrick,CorrectionBiasPvDiet,MiFish_4,F10,TM_02_SnakPrick,TM_02_SnakPrick,D,TissueMix,SnakPrick
PvCF_D3_07_TR2,CorrectionBiasPvDiet,Prey18S_1,F10,PvCF_D3_07_TR2,PvCF_D3_07_TR2,A,ControlFeeding,Pv
PvCF_D6_03_TR2,CorrectionBiasPvDiet,Prey18S_2,F10,PvCF_D6_03_TR2,PvCF_D6_03_TR2,B,ControlFeeding,Pv
TM_F10,CorrectionBiasPvDiet,Prey18S_3,F10,TM_03_RivLamp,TM_F10,C,TissueMix,RivLamp
PvCF_D3_10_TR1,CorrectionBiasPvDiet,MiFish_1,F11,PvCF_D3_10_TR1,PvCF_D3_10_TR1,A,ControlFeeding,Pv
PvCF_D6_06_TR3,CorrectionBiasPvDiet,MiFish_2,F11,PvCF_D6_06_TR3,PvCF_D6_06_TR3,B,ControlFeeding,Pv
TM_F11,CorrectionBiasPvDiet,MiFish_3,F11,TM_02_RexSol,TM_F11,C,TissueMix,RexSol
TM_01_PPerch,CorrectionBiasPvDiet,MiFish_4,F11,TM_01_PPerch,TM_01_PPerch,D,TissueMix,PPerch
PvCF_D3_10_TR1,CorrectionBiasPvDiet,Prey18S_1,F11,PvCF_D3_10_TR1,PvCF_D3_10_TR1,A,ControlFeeding,Pv
PvCF_D6_06_TR3,CorrectionBiasPvDiet,Prey18S_2,F11,PvCF_D6_06_TR3,PvCF_D6_06_TR3,B,ControlFeeding,Pv
TM_F11,CorrectionBiasPvDiet,Prey18S_3,F11,TM_01_StubSq_02,TM_F11,C,TissueMix,StubSq
PvCF_D3_14_TR1,CorrectionBiasPvDiet,MiFish_1,F12,PvCF_D3_14_TR1,PvCF_D3_14_TR1,A,ControlFeeding,Pv
PvCF_D6_10_TR1,CorrectionBiasPvDiet,MiFish_2,F12,PvCF_D6_10_TR1,PvCF_D6_10_TR1,B,ControlFeeding,Pv
TM_F12,CorrectionBiasPvDiet,MiFish_3,F12,TM_03_ButtSol,TM_F12,C,TissueMix,ButtSol
TM_03_Pompano,CorrectionBiasPvDiet,MiFish_4,F12,TM_03_Pompano,TM_03_Pompano,D,TissueMix,Pompano
PvCF_D3_14_TR1,CorrectionBiasPvDiet,Prey18S_1,F12,PvCF_D3_14_TR1,PvCF_D3_14_TR1,A,ControlFeeding,Pv
PvCF_D6_10_TR1,CorrectionBiasPvDiet,Prey18S_2,F12,PvCF_D6_10_TR1,PvCF_D6_10_TR1,B,ControlFeeding,Pv
TM_F12,CorrectionBiasPvDiet,Prey18S_3,F12,TM_01_UnkVAQShr,TM_F12,C,TissueMix,UnkVAQShr
PvCF_D1_06_TR3,CorrectionBiasPvDiet,MiFish_1,F2,PvCF_D1_06_TR3,PvCF_D1_06_TR3,A,ControlFeeding,Pv
PvCF_D4_04_TR2,CorrectionBiasPvDiet,MiFish_2,F2,PvCF_D4_04_TR2,PvCF_D4_04_TR2,B,ControlFeeding,Pv
PvCF_D6_16_TR1,CorrectionBiasPvDiet,MiFish_3,F2,PvCF_D6_16_TR1,PvCF_D6_16_TR1,C,ControlFeeding,Pv
TM_01_DovSol,CorrectionBiasPvDiet,MiFish_4,F2,TM_01_DovSol,TM_01_DovSol,D,TissueMix,DovSol
PvCF_D1_06_TR3,CorrectionBiasPvDiet,Prey18S_1,F2,PvCF_D1_06_TR3,PvCF_D1_06_TR3,A,ControlFeeding,Pv
PvCF_D4_04_TR2,CorrectionBiasPvDiet,Prey18S_2,F2,PvCF_D4_04_TR2,PvCF_D4_04_TR2,B,ControlFeeding,Pv
PvCF_D6_16_TR1,CorrectionBiasPvDiet,Prey18S_3,F2,PvCF_D6_16_TR1,PvCF_D6_16_TR1,C,ControlFeeding,Pv
PvCF_D1_09_TR2,CorrectionBiasPvDiet,MiFish_1,F3,PvCF_D1_09_TR2,PvCF_D1_09_TR2,A,ControlFeeding,Pv
PvCF_D4_07_TR3,CorrectionBiasPvDiet,MiFish_2,F3,PvCF_D4_07_TR3,PvCF_D4_07_TR3,B,ControlFeeding,Pv
MC_F3,CorrectionBiasPvDiet,MiFish_3,F3,MC_MiFish_Even_R1,MC_F3,C,MockCom,MkCom
TM_03_TpoolSculp,CorrectionBiasPvDiet,MiFish_4,F3,TM_03_TpoolSculp,TM_03_TpoolSculp,D,TissueMix,TpoolSculp
PvCF_D1_09_TR2,CorrectionBiasPvDiet,Prey18S_1,F3,PvCF_D1_09_TR2,PvCF_D1_09_TR2,A,ControlFeeding,Pv
PvCF_D4_07_TR3,CorrectionBiasPvDiet,Prey18S_2,F3,PvCF_D4_07_TR3,PvCF_D4_07_TR3,B,ControlFeeding,Pv
MC_F3,CorrectionBiasPvDiet,Prey18S_3,F3,MC_18S_RepFish_Even_R1,MC_F3,C,MockCom,MkCom
PvCF_D1_13_TR2,CorrectionBiasPvDiet,MiFish_1,F4,PvCF_D1_13_TR2,PvCF_D1_13_TR2,A,ControlFeeding,Pv
PvCF_D4_10_TR2,CorrectionBiasPvDiet,MiFish_2,F4,PvCF_D4_10_TR2,PvCF_D4_10_TR2,B,ControlFeeding,Pv
MC_F4,CorrectionBiasPvDiet,MiFish_3,F4,MC_MiFish_Skew2_R3,MC_F4,C,MockCom,MkCom
TM_02_ChumSal_VAQ,CorrectionBiasPvDiet,MiFish_4,F4,TM_02_ChumSalVAQ,TM_02_ChumSal_VAQ,D,TissueMix,ChumSalVAQ
PvCF_D1_13_TR2,CorrectionBiasPvDiet,Prey18S_1,F4,PvCF_D1_13_TR2,PvCF_D1_13_TR2,A,ControlFeeding,Pv
PvCF_D4_10_TR2,CorrectionBiasPvDiet,Prey18S_2,F4,PvCF_D4_10_TR2,PvCF_D4_10_TR2,B,ControlFeeding,Pv
MC_F4,CorrectionBiasPvDiet,Prey18S_3,F4,MC_18S_RepFish_Skew2_R3,MC_F4,C,MockCom,MkCom
PvCF_D2_02_TR2,CorrectionBiasPvDiet,MiFish_1,F5,PvCF_D2_02_TR2,PvCF_D2_02_TR2,A,ControlFeeding,Pv
PvCF_D5_01_TR2,CorrectionBiasPvDiet,MiFish_2,F5,PvCF_D5_01_TR2,PvCF_D5_01_TR2,B,ControlFeeding,Pv
Plate3_F5,CorrectionBiasPvDiet,MiFish_3,F5,TM_01_PacCod,Plate3_F5,C,TissueMix,PacCod
TM_02_SteelHd,CorrectionBiasPvDiet,MiFish_4,F5,TM_02_SteelHd,TM_02_SteelHd,D,TissueMix,SteelHd
PvCF_D2_02_TR2,CorrectionBiasPvDiet,Prey18S_1,F5,PvCF_D2_02_TR2,PvCF_D2_02_TR2,A,ControlFeeding,Pv
PvCF_D5_01_TR2,CorrectionBiasPvDiet,Prey18S_2,F5,PvCF_D5_01_TR2,PvCF_D5_01_TR2,B,ControlFeeding,Pv
Plate3_F5,CorrectionBiasPvDiet,Prey18S_3,F5,MC_18S_CombFish_Skew2_R2,Plate3_F5,C,MockCom,MkCom
PvCF_D2_05_TR1,CorrectionBiasPvDiet,MiFish_1,F6,PvCF_D2_05_TR1,PvCF_D2_05_TR1,A,ControlFeeding,Pv
PvCF_D5_04_TR3,CorrectionBiasPvDiet,MiFish_2,F6,PvCF_D5_04_TR3,PvCF_D5_04_TR3,B,ControlFeeding,Pv
TM_F6,CorrectionBiasPvDiet,MiFish_3,F6,TM_02_LnoseSkate,TM_F6,C,TissueMix,LnoseSkate
TM_03_ChinSal,CorrectionBiasPvDiet,MiFish_4,F6,TM_03_ChinSal,TM_03_ChinSal,D,TissueMix,ChinSal
PvCF_D2_05_TR1,CorrectionBiasPvDiet,Prey18S_1,F6,PvCF_D2_05_TR1,PvCF_D2_05_TR1,A,ControlFeeding,Pv
PvCF_D5_04_TR3,CorrectionBiasPvDiet,Prey18S_2,F6,PvCF_D5_04_TR3,PvCF_D5_04_TR3,B,ControlFeeding,Pv
TM_F6,CorrectionBiasPvDiet,Prey18S_3,F6,TM_03_BayShr,TM_F6,C,TissueMix,BayShr
PvCF_D2_07_TR3,CorrectionBiasPvDiet,MiFish_1,F7,PvCF_D2_07_TR3,PvCF_D2_07_TR3,A,ControlFeeding,Pv
PvCF_D5_08_TR1,CorrectionBiasPvDiet,MiFish_2,F7,PvCF_D5_08_TR1,PvCF_D5_08_TR1,B,ControlFeeding,Pv
TM_F7,CorrectionBiasPvDiet,MiFish_3,F7,TM_01_BayPip,TM_F7,C,TissueMix,BayPip
TM_02_CresGun,CorrectionBiasPvDiet,MiFish_4,F7,TM_02_CresGun,TM_02_CresGun,D,TissueMix,CresGun
PvCF_D2_07_TR3,CorrectionBiasPvDiet,Prey18S_1,F7,PvCF_D2_07_TR3,PvCF_D2_07_TR3,A,ControlFeeding,Pv
PvCF_D5_08_TR1,CorrectionBiasPvDiet,Prey18S_2,F7,PvCF_D5_08_TR1,PvCF_D5_08_TR1,B,ControlFeeding,Pv
TM_F7,CorrectionBiasPvDiet,Prey18S_3,F7,TM_02_Ratfish,TM_F7,C,TissueMix,Ratfish
PvCF_D2_10_TR2,CorrectionBiasPvDiet,MiFish_1,F8,PvCF_D2_10_TR2,PvCF_D2_10_TR2,A,ControlFeeding,Pv
PvCF_D5_11_TR2,CorrectionBiasPvDiet,MiFish_2,F8,PvCF_D5_11_TR2,PvCF_D5_11_TR2,B,ControlFeeding,Pv
TM_F8,CorrectionBiasPvDiet,MiFish_3,F8,TM_02_RoughSculp,TM_F8,C,TissueMix,RoughSculp
TM_03_COSol,CorrectionBiasPvDiet,MiFish_4,F8,TM_03_COSol,TM_03_COSol,D,TissueMix,COSol
PvCF_D2_10_TR2,CorrectionBiasPvDiet,Prey18S_1,F8,PvCF_D2_10_TR2,PvCF_D2_10_TR2,A,ControlFeeding,Pv
PvCF_D5_11_TR2,CorrectionBiasPvDiet,Prey18S_2,F8,PvCF_D5_11_TR2,PvCF_D5_11_TR2,B,ControlFeeding,Pv
TM_F8,CorrectionBiasPvDiet,Prey18S_3,F8,TM_01_SptPrawn,TM_F8,C,TissueMix,SptPrawn
PvCF_D3_03_TR2,CorrectionBiasPvDiet,MiFish_1,F9,PvCF_D3_03_TR2,PvCF_D3_03_TR2,A,ControlFeeding,Pv
PvCF_D5_14_TR3,CorrectionBiasPvDiet,MiFish_2,F9,PvCF_D5_14_TR3,PvCF_D5_14_TR3,B,ControlFeeding,Pv
TM_F9,CorrectionBiasPvDiet,MiFish_3,F9,TM_01_ShinPer,TM_F9,C,TissueMix,ShinPer
TM_02_NorRonq,CorrectionBiasPvDiet,MiFish_4,F9,TM_02_NorRonq,TM_02_NorRonq,D,TissueMix,NorRonq
PvCF_D3_03_TR2,CorrectionBiasPvDiet,Prey18S_1,F9,PvCF_D3_03_TR2,PvCF_D3_03_TR2,A,ControlFeeding,Pv
PvCF_D5_14_TR3,CorrectionBiasPvDiet,Prey18S_2,F9,PvCF_D5_14_TR3,PvCF_D5_14_TR3,B,ControlFeeding,Pv
TM_F9,CorrectionBiasPvDiet,Prey18S_3,F9,TM_03_SpDog,TM_F9,C,TissueMix,SpDog
PvCF_D1_03_TR1,CorrectionBiasPvDiet,MiFish_1,G1,PvCF_D1_03_TR1,PvCF_D1_03_TR1,A,ControlFeeding,Pv
PvCF_D4_01_TR2,CorrectionBiasPvDiet,MiFish_2,G1,PvCF_D4_01_TR2,PvCF_D4_01_TR2,B,ControlFeeding,Pv
PvCF_D6_12_TR2,CorrectionBiasPvDiet,MiFish_3,G1,PvCF_D6_12_TR2,PvCF_D6_12_TR2,C,ControlFeeding,Pv
TM_02_Capel_VAQ,CorrectionBiasPvDiet,MiFish_4,G1,TM_02_VAQCapelin,TM_02_Capel_VAQ,D,TissueMix,VAQCapelin
PvCF_D1_03_TR1,CorrectionBiasPvDiet,Prey18S_1,G1,PvCF_D1_03_TR1,PvCF_D1_03_TR1,A,ControlFeeding,Pv
PvCF_D4_01_TR2,CorrectionBiasPvDiet,Prey18S_2,G1,PvCF_D4_01_TR2,PvCF_D4_01_TR2,B,ControlFeeding,Pv
PvCF_D6_12_TR2,CorrectionBiasPvDiet,Prey18S_3,G1,PvCF_D6_12_TR2,PvCF_D6_12_TR2,C,ControlFeeding,Pv
PvCF_D3_07_TR3,CorrectionBiasPvDiet,MiFish_1,G10,PvCF_D3_07_TR3,PvCF_D3_07_TR3,A,ControlFeeding,Pv
PvCF_D6_03_TR3,CorrectionBiasPvDiet,MiFish_2,G10,PvCF_D6_03_TR3,PvCF_D6_03_TR3,B,ControlFeeding,Pv
TM_G10,CorrectionBiasPvDiet,MiFish_3,G10,TM_01_WalPol,TM_G10,C,TissueMix,WalPol
TM_03_SnakPrick,CorrectionBiasPvDiet,MiFish_4,G10,TM_03_SnakPrick,TM_03_SnakPrick,D,TissueMix,SnakPrick
PvCF_D3_07_TR3,CorrectionBiasPvDiet,Prey18S_1,G10,PvCF_D3_07_TR3,PvCF_D3_07_TR3,A,ControlFeeding,Pv
PvCF_D6_03_TR3,CorrectionBiasPvDiet,Prey18S_2,G10,PvCF_D6_03_TR3,PvCF_D6_03_TR3,B,ControlFeeding,Pv
TM_G10,CorrectionBiasPvDiet,Prey18S_3,G10,TM_01_SqVAQ_01,TM_G10,C,TissueMix,SqVAQ
PvCF_D3_10_TR2,CorrectionBiasPvDiet,MiFish_1,G11,PvCF_D3_10_TR2,PvCF_D3_10_TR2,A,ControlFeeding,Pv
PvCF_D6_07_TR1,CorrectionBiasPvDiet,MiFish_2,G11,PvCF_D6_07_TR1,PvCF_D6_07_TR1,B,ControlFeeding,Pv
TM_G11,CorrectionBiasPvDiet,MiFish_3,G11,TM_03_RexSol,TM_G11,C,TissueMix,RexSol
TM_02_PPerch,CorrectionBiasPvDiet,MiFish_4,G11,TM_02_PPerch,TM_02_PPerch,D,TissueMix,PPerch
PvCF_D3_10_TR2,CorrectionBiasPvDiet,Prey18S_1,G11,PvCF_D3_10_TR2,PvCF_D3_10_TR2,A,ControlFeeding,Pv
PvCF_D6_07_TR1,CorrectionBiasPvDiet,Prey18S_2,G11,PvCF_D6_07_TR1,PvCF_D6_07_TR1,B,ControlFeeding,Pv
TM_G11,CorrectionBiasPvDiet,Prey18S_3,G11,TM_01_StubSq_03,TM_G11,C,TissueMix,StubSq
NTC_1,CorrectionBiasPvDiet,MiFish_1,G12,NTC_MF1,NTC_1,A,NegCtrl,NC
NTC_2,CorrectionBiasPvDiet,MiFish_2,G12,NTC_MF2,NTC_2,B,NegCtrl,NC
Plate3_G12,CorrectionBiasPvDiet,MiFish_3,G12,NTC_MF3,Plate3_G12,C,NegCtrl,NC
NTC_MF4,CorrectionBiasPvDiet,MiFish_4,G12,NTC_MF4,NTC_MF4,D,NegCtrl,NC
NTC_1,CorrectionBiasPvDiet,Prey18S_1,G12,NTC_18S1,NTC_1,A,NegCtrl,NC
NTC_2,CorrectionBiasPvDiet,Prey18S_2,G12,NTC_18S2,NTC_2,B,NegCtrl,NC
Plate3_G12,CorrectionBiasPvDiet,Prey18S_3,G12,TM_02_UnkVAQShr,Plate3_G12,C,TissueMix,UnkVAQShr
PvCF_D1_07_TR1,CorrectionBiasPvDiet,MiFish_1,G2,PvCF_D1_07_TR1,PvCF_D1_07_TR1,A,ControlFeeding,Pv
PvCF_D4_04_TR3,CorrectionBiasPvDiet,MiFish_2,G2,PvCF_D4_04_TR3,PvCF_D4_04_TR3,B,ControlFeeding,Pv
PvCF_D6_17_TR1,CorrectionBiasPvDiet,MiFish_3,G2,PvCF_D6_17_TR1,PvCF_D6_17_TR1,C,ControlFeeding,Pv
TM_02_DovSol,CorrectionBiasPvDiet,MiFish_4,G2,TM_02_DovSol,TM_02_DovSol,D,TissueMix,DovSol
PvCF_D1_07_TR1,CorrectionBiasPvDiet,Prey18S_1,G2,PvCF_D1_07_TR1,PvCF_D1_07_TR1,A,ControlFeeding,Pv
PvCF_D4_04_TR3,CorrectionBiasPvDiet,Prey18S_2,G2,PvCF_D4_04_TR3,PvCF_D4_04_TR3,B,ControlFeeding,Pv
PvCF_D6_17_TR1,CorrectionBiasPvDiet,Prey18S_3,G2,PvCF_D6_17_TR1,PvCF_D6_17_TR1,C,ControlFeeding,Pv
PvCF_D1_09_TR3,CorrectionBiasPvDiet,MiFish_1,G3,PvCF_D1_09_TR3,PvCF_D1_09_TR3,A,ControlFeeding,Pv
PvCF_D4_08_TR1,CorrectionBiasPvDiet,MiFish_2,G3,PvCF_D4_08_TR1,PvCF_D4_08_TR1,B,ControlFeeding,Pv
MC_G3,CorrectionBiasPvDiet,MiFish_3,G3,MC_MiFish_Even_R2,MC_G3,C,MockCom,MkCom
TM_01_PnkSal,CorrectionBiasPvDiet,MiFish_4,G3,TM_01_PnkSal,TM_01_PnkSal,D,TissueMix,PnkSal
PvCF_D1_09_TR3,CorrectionBiasPvDiet,Prey18S_1,G3,PvCF_D1_09_TR3,PvCF_D1_09_TR3,A,ControlFeeding,Pv
PvCF_D4_08_TR1,CorrectionBiasPvDiet,Prey18S_2,G3,PvCF_D4_08_TR1,PvCF_D4_08_TR1,B,ControlFeeding,Pv
MC_G3,CorrectionBiasPvDiet,Prey18S_3,G3,MC_18S_RepFish_Even_R2,MC_G3,C,MockCom,MkCom
PvCF_D1_13_TR3,CorrectionBiasPvDiet,MiFish_1,G4,PvCF_D1_13_TR3,PvCF_D1_13_TR3,A,ControlFeeding,Pv
PvCF_D4_10_TR3,CorrectionBiasPvDiet,MiFish_2,G4,PvCF_D4_10_TR3,PvCF_D4_10_TR3,B,ControlFeeding,Pv
Plate3_G4,CorrectionBiasPvDiet,MiFish_3,G4,TM_01_NSpearPoach,Plate3_G4,C,TissueMix,NSpearPoach
TM_01_Coho_VAQ,CorrectionBiasPvDiet,MiFish_4,G4,TM_01_CohoVAQ,TM_01_Coho_VAQ,D,TissueMix,Coho_VAQ
PvCF_D1_13_TR3,CorrectionBiasPvDiet,Prey18S_1,G4,PvCF_D1_13_TR3,PvCF_D1_13_TR3,A,ControlFeeding,Pv
PvCF_D4_10_TR3,CorrectionBiasPvDiet,Prey18S_2,G4,PvCF_D4_10_TR3,PvCF_D4_10_TR3,B,ControlFeeding,Pv
Plate3_G4,CorrectionBiasPvDiet,Prey18S_3,G4,MC_18S_CombFish_Even_R1,Plate3_G4,C,MockCom,MkCom
PvCF_D2_02_TR3,CorrectionBiasPvDiet,MiFish_1,G5,PvCF_D2_02_TR3,PvCF_D2_02_TR3,A,ControlFeeding,Pv
PvCF_D5_01_TR3,CorrectionBiasPvDiet,MiFish_2,G5,PvCF_D5_01_TR3,PvCF_D5_01_TR3,B,ControlFeeding,Pv
Plate3_G5,CorrectionBiasPvDiet,MiFish_3,G5,TM_02_PacCod,Plate3_G5,C,TissueMix,PacCod
TM_03_SteelHd,CorrectionBiasPvDiet,MiFish_4,G5,TM_03_SteelHd,TM_03_SteelHd,D,TissueMix,SteelHd
PvCF_D2_02_TR3,CorrectionBiasPvDiet,Prey18S_1,G5,PvCF_D2_02_TR3,PvCF_D2_02_TR3,A,ControlFeeding,Pv
PvCF_D5_01_TR3,CorrectionBiasPvDiet,Prey18S_2,G5,PvCF_D5_01_TR3,PvCF_D5_01_TR3,B,ControlFeeding,Pv
Plate3_G5,CorrectionBiasPvDiet,Prey18S_3,G5,MC_18S_CombFish_Skew2_R3,Plate3_G5,C,MockCom,MkCom
PvCF_D2_05_TR2,CorrectionBiasPvDiet,MiFish_1,G6,PvCF_D2_05_TR2,PvCF_D2_05_TR2,A,ControlFeeding,Pv
PvCF_D5_05_TR1,CorrectionBiasPvDiet,MiFish_2,G6,PvCF_D5_05_TR1,PvCF_D5_05_TR1,B,ControlFeeding,Pv
TM_G6,CorrectionBiasPvDiet,MiFish_3,G6,TM_03_LnoseSkate,TM_G6,C,TissueMix,LnoseSkate
TM_01_Lingcod,CorrectionBiasPvDiet,MiFish_4,G6,TM_01_Lingcod,TM_01_Lingcod,D,TissueMix,Lingcod
PvCF_D2_05_TR2,CorrectionBiasPvDiet,Prey18S_1,G6,PvCF_D2_05_TR2,PvCF_D2_05_TR2,A,ControlFeeding,Pv
PvCF_D5_05_TR1,CorrectionBiasPvDiet,Prey18S_2,G6,PvCF_D5_05_TR1,PvCF_D5_05_TR1,B,ControlFeeding,Pv
TM_G6,CorrectionBiasPvDiet,Prey18S_3,G6,TM_01_MktSq,TM_G6,C,TissueMix,MktSq
PvCF_D2_08_TR1,CorrectionBiasPvDiet,MiFish_1,G7,PvCF_D2_08_TR1,PvCF_D2_08_TR1,A,ControlFeeding,Pv
PvCF_D5_08_TR2,CorrectionBiasPvDiet,MiFish_2,G7,PvCF_D5_08_TR2,PvCF_D5_08_TR2,B,ControlFeeding,Pv
TM_G7,CorrectionBiasPvDiet,MiFish_3,G7,TM_01_Cockscomb,TM_G7,C,TissueMix,Cockscomb
TM_01_SaddleGun,CorrectionBiasPvDiet,MiFish_4,G7,TM_01_SaddleGun,TM_01_SaddleGun,D,TissueMix,SaddleGun
PvCF_D2_08_TR1,CorrectionBiasPvDiet,Prey18S_1,G7,PvCF_D2_08_TR1,PvCF_D2_08_TR1,A,ControlFeeding,Pv
PvCF_D5_08_TR2,CorrectionBiasPvDiet,Prey18S_2,G7,PvCF_D5_08_TR2,PvCF_D5_08_TR2,B,ControlFeeding,Pv
TM_G7,CorrectionBiasPvDiet,Prey18S_3,G7,TM_03_Ratfish,TM_G7,C,TissueMix,Ratfish
PvCF_D2_10_TR3,CorrectionBiasPvDiet,MiFish_1,G8,PvCF_D2_10_TR3,PvCF_D2_10_TR3,A,ControlFeeding,Pv
PvCF_D5_11_TR3,CorrectionBiasPvDiet,MiFish_2,G8,PvCF_D5_11_TR3,PvCF_D5_11_TR3,B,ControlFeeding,Pv
TM_G8,CorrectionBiasPvDiet,MiFish_3,G8,TM_03_RoughSculp,TM_G8,C,TissueMix,RoughSculp
TM_01_SturPoach,CorrectionBiasPvDiet,MiFish_4,G8,TM_01_SturPoach,TM_01_SturPoach,D,TissueMix,SturPoach
PvCF_D2_10_TR3,CorrectionBiasPvDiet,Prey18S_1,G8,PvCF_D2_10_TR3,PvCF_D2_10_TR3,A,ControlFeeding,Pv
PvCF_D5_11_TR3,CorrectionBiasPvDiet,Prey18S_2,G8,PvCF_D5_11_TR3,PvCF_D5_11_TR3,B,ControlFeeding,Pv
TM_G8,CorrectionBiasPvDiet,Prey18S_3,G8,TM_03_SptPrawn,TM_G8,C,TissueMix,SptPrawn
PvCF_D3_03_TR3,CorrectionBiasPvDiet,MiFish_1,G9,PvCF_D3_03_TR3,PvCF_D3_03_TR3,A,ControlFeeding,Pv
PvCF_D5_15_TR1,CorrectionBiasPvDiet,MiFish_2,G9,PvCF_D5_15_TR1,PvCF_D5_15_TR1,B,ControlFeeding,Pv
TM_G9,CorrectionBiasPvDiet,MiFish_3,G9,TM_02_ShinPer,TM_G9,C,TissueMix,ShinPer
TM_01_QuilRockF,CorrectionBiasPvDiet,MiFish_4,G9,TM_01_QuilRock,TM_01_QuilRockF,D,TissueMix,QuilRock
PvCF_D3_03_TR3,CorrectionBiasPvDiet,Prey18S_1,G9,PvCF_D3_03_TR3,PvCF_D3_03_TR3,A,ControlFeeding,Pv
PvCF_D5_15_TR1,CorrectionBiasPvDiet,Prey18S_2,G9,PvCF_D5_15_TR1,PvCF_D5_15_TR1,B,ControlFeeding,Pv
TM_G9,CorrectionBiasPvDiet,Prey18S_3,G9,TM_01_BSkate_02,TM_G9,C,TissueMix,BSkate
PvCF_D1_04_TR1,CorrectionBiasPvDiet,MiFish_1,H1,PvCF_D1_04_TR1,PvCF_D1_04_TR1,A,ControlFeeding,Pv
PvCF_D4_01_TR3,CorrectionBiasPvDiet,MiFish_2,H1,PvCF_D4_01_TR3,PvCF_D4_01_TR3,B,ControlFeeding,Pv
PvCF_D6_12_TR3,CorrectionBiasPvDiet,MiFish_3,H1,PvCF_D6_12_TR3,PvCF_D6_12_TR3,C,ControlFeeding,Pv
TM_01_Hake,CorrectionBiasPvDiet,MiFish_4,H1,TM_01_Hake,TM_01_Hake,D,TissueMix,Hake
PvCF_D1_04_TR1,CorrectionBiasPvDiet,Prey18S_1,H1,PvCF_D1_04_TR1,PvCF_D1_04_TR1,A,ControlFeeding,Pv
PvCF_D4_01_TR3,CorrectionBiasPvDiet,Prey18S_2,H1,PvCF_D4_01_TR3,PvCF_D4_01_TR3,B,ControlFeeding,Pv
PvCF_D6_12_TR3,CorrectionBiasPvDiet,Prey18S_3,H1,PvCF_D6_12_TR3,PvCF_D6_12_TR3,C,ControlFeeding,Pv
PvCF_D3_08_TR1,CorrectionBiasPvDiet,MiFish_1,H10,PvCF_D3_08_TR1,PvCF_D3_08_TR1,A,ControlFeeding,Pv
PvCF_D6_04_TR1,CorrectionBiasPvDiet,MiFish_2,H10,PvCF_D6_04_TR1,PvCF_D6_04_TR1,B,ControlFeeding,Pv
TM_H10,CorrectionBiasPvDiet,MiFish_3,H10,TM_02_WalPol,TM_H10,C,TissueMix,WalPol
TM_01_BlkEelpt,CorrectionBiasPvDiet,MiFish_4,H10,TM_01_BlkEelpt,TM_01_BlkEelpt,D,TissueMix,BlkEelpt
PvCF_D3_08_TR1,CorrectionBiasPvDiet,Prey18S_1,H10,PvCF_D3_08_TR1,PvCF_D3_08_TR1,A,ControlFeeding,Pv
PvCF_D6_04_TR1,CorrectionBiasPvDiet,Prey18S_2,H10,PvCF_D6_04_TR1,PvCF_D6_04_TR1,B,ControlFeeding,Pv
TM_H10,CorrectionBiasPvDiet,Prey18S_3,H10,TM_01_SqVAQ_02,TM_H10,C,TissueMix,SqVAQ
PvCF_D3_10_TR3,CorrectionBiasPvDiet,MiFish_1,H11,PvCF_D3_10_TR3,PvCF_D3_10_TR3,A,ControlFeeding,Pv
PvCF_D6_07_TR2,CorrectionBiasPvDiet,MiFish_2,H11,PvCF_D6_07_TR2,PvCF_D6_07_TR2,B,ControlFeeding,Pv
TM_H11,CorrectionBiasPvDiet,MiFish_3,H11,TM_01_NCling,TM_H11,C,TissueMix,NCling
TM_03_PPerch,CorrectionBiasPvDiet,MiFish_4,H11,TM_03_PPerch,TM_03_PPerch,D,TissueMix,PPerch
PvCF_D3_10_TR3,CorrectionBiasPvDiet,Prey18S_1,H11,PvCF_D3_10_TR3,PvCF_D3_10_TR3,A,ControlFeeding,Pv
PvCF_D6_07_TR2,CorrectionBiasPvDiet,Prey18S_2,H11,PvCF_D6_07_TR2,PvCF_D6_07_TR2,B,ControlFeeding,Pv
TM_H11,CorrectionBiasPvDiet,Prey18S_3,H11,TM_01_MusPolyWorm,TM_H11,C,TissueMix,MusPolyWorm
PosCtrl_1,CorrectionBiasPvDiet,MiFish_1,H12,PosCtrl_KangarooMF1,PosCtrl_1,A,PosCtrl,PC
PosCtrl_2,CorrectionBiasPvDiet,MiFish_2,H12,PosCtrl_Kangaroo_MF2,PosCtrl_2,B,PosCtrl,PC
Plate3_H12,CorrectionBiasPvDiet,MiFish_3,H12,PosCtrl_Kangaroo_MF3,Plate3_H12,C,PosCtrl,PC
PosCtrl_Kangaroo_MF4,CorrectionBiasPvDiet,MiFish_4,H12,PosCtrl_Kangaroo_MF4,PosCtrl_Kangaroo_MF4,D,PosCtrl,PC
PosCtrl_1,CorrectionBiasPvDiet,Prey18S_1,H12,PosCtrl_18S_gBlock_1,PosCtrl_1,A,PosCtrl,PC
PosCtrl_2,CorrectionBiasPvDiet,Prey18S_2,H12,PosCtrl_18S_gBlock_2,PosCtrl_2,B,PosCtrl,PC
Plate3_H12,CorrectionBiasPvDiet,Prey18S_3,H12,TM_03_UnkVAQShr,Plate3_H12,C,TissueMix,UnkVAQShr
PvCF_D1_07_TR2,CorrectionBiasPvDiet,MiFish_1,H2,PvCF_D1_07_TR2,PvCF_D1_07_TR2,A,ControlFeeding,Pv
PvCF_D4_05_TR1,CorrectionBiasPvDiet,MiFish_2,H2,PvCF_D4_05_TR1,PvCF_D4_05_TR1,B,ControlFeeding,Pv
PvCF_D6_H2,CorrectionBiasPvDiet,MiFish_3,H2,PvCF_D6_17_TR2,PvCF_D6_H2,C,ControlFeeding,Pv
TM_03_DovSol,CorrectionBiasPvDiet,MiFish_4,H2,TM_03_DovSol,TM_03_DovSol,D,TissueMix,DovSol
PvCF_D1_07_TR2,CorrectionBiasPvDiet,Prey18S_1,H2,PvCF_D1_07_TR2,PvCF_D1_07_TR2,A,ControlFeeding,Pv
PvCF_D4_05_TR1,CorrectionBiasPvDiet,Prey18S_2,H2,PvCF_D4_05_TR1,PvCF_D4_05_TR1,B,ControlFeeding,Pv
CF_H2,CorrectionBiasPvDiet,Prey18S_3,H2,PvCF_D6_18_TR1,CF_H2,C,ControlFeeding,Pv
PvCF_D1_10_TR1,CorrectionBiasPvDiet,MiFish_1,H3,PvCF_D1_10_TR1,PvCF_D1_10_TR1,A,ControlFeeding,Pv
PvCF_D4_08_TR2,CorrectionBiasPvDiet,MiFish_2,H3,PvCF_D4_08_TR2,PvCF_D4_08_TR2,B,ControlFeeding,Pv
MC_H3,CorrectionBiasPvDiet,MiFish_3,H3,MC_MiFish_Even_R3,MC_H3,C,MockCom,MkCom
TM_02_PnkSal,CorrectionBiasPvDiet,MiFish_4,H3,TM_02_PnkSal,TM_02_PnkSal,D,TissueMix,PnkSal
PvCF_D1_10_TR1,CorrectionBiasPvDiet,Prey18S_1,H3,PvCF_D1_10_TR1,PvCF_D1_10_TR1,A,ControlFeeding,Pv
PvCF_D4_08_TR2,CorrectionBiasPvDiet,Prey18S_2,H3,PvCF_D4_08_TR2,PvCF_D4_08_TR2,B,ControlFeeding,Pv
MC_H3,CorrectionBiasPvDiet,Prey18S_3,H3,MC_18S_RepFish_Even_R3,MC_H3,C,MockCom,MkCom
PvCF_D1_14_TR1,CorrectionBiasPvDiet,MiFish_1,H4,PvCF_D1_14_TR1,PvCF_D1_14_TR1,A,ControlFeeding,Pv
PvCF_D4_11_TR1,CorrectionBiasPvDiet,MiFish_2,H4,PvCF_D4_11_TR1,PvCF_D4_11_TR1,B,ControlFeeding,Pv
Plate3_H4,CorrectionBiasPvDiet,MiFish_3,H4,TM_02_NSpearPoach,Plate3_H4,C,TissueMix,NSpearPoach
TM_02_Coho_VAQ,CorrectionBiasPvDiet,MiFish_4,H4,TM_02_CohoVAQ,TM_02_Coho_VAQ,D,TissueMix,Coho_VAQ
PvCF_D1_14_TR1,CorrectionBiasPvDiet,Prey18S_1,H4,PvCF_D1_14_TR1,PvCF_D1_14_TR1,A,ControlFeeding,Pv
PvCF_D4_11_TR1,CorrectionBiasPvDiet,Prey18S_2,H4,PvCF_D4_11_TR1,PvCF_D4_11_TR1,B,ControlFeeding,Pv
Plate3_H4,CorrectionBiasPvDiet,Prey18S_3,H4,MC_18S_CombFish_Even_R2,Plate3_H4,C,MockCom,MkCom
PvCF_D2_03_TR1,CorrectionBiasPvDiet,MiFish_1,H5,PvCF_D2_03_TR1,PvCF_D2_03_TR1,A,ControlFeeding,Pv
PvCF_D5_02_TR1,CorrectionBiasPvDiet,MiFish_2,H5,PvCF_D5_02_TR1,PvCF_D5_02_TR1,B,ControlFeeding,Pv
TM_H5,CorrectionBiasPvDiet,MiFish_3,H5,TM_01_Ratfish,TM_H5,C,TissueMix,Ratfish
TM_01_SockSal,CorrectionBiasPvDiet,MiFish_4,H5,TM_01_SockSal,TM_01_SockSal,D,TissueMix,SockSal
PvCF_D2_03_TR1,CorrectionBiasPvDiet,Prey18S_1,H5,PvCF_D2_03_TR1,PvCF_D2_03_TR1,A,ControlFeeding,Pv
PvCF_D5_02_TR1,CorrectionBiasPvDiet,Prey18S_2,H5,PvCF_D5_02_TR1,PvCF_D5_02_TR1,B,ControlFeeding,Pv
TM_H5,CorrectionBiasPvDiet,Prey18S_3,H5,TM_01_BSkate_01,TM_H5,C,TissueMix,BSkate
PvCF_D2_05_TR3,CorrectionBiasPvDiet,MiFish_1,H6,PvCF_D2_05_TR3,PvCF_D2_05_TR3,A,ControlFeeding,Pv
PvCF_D5_05_TR2,CorrectionBiasPvDiet,MiFish_2,H6,PvCF_D5_05_TR2,PvCF_D5_05_TR2,B,ControlFeeding,Pv
TM_H6,CorrectionBiasPvDiet,MiFish_3,H6,TM_01_SpDog,TM_H6,C,TissueMix,SpDog
TM_02_Lingcod,CorrectionBiasPvDiet,MiFish_4,H6,TM_02_Lingcod,TM_02_Lingcod,D,TissueMix,Lingcod
PvCF_D2_05_TR3,CorrectionBiasPvDiet,Prey18S_1,H6,PvCF_D2_05_TR3,PvCF_D2_05_TR3,A,ControlFeeding,Pv
PvCF_D5_05_TR2,CorrectionBiasPvDiet,Prey18S_2,H6,PvCF_D5_05_TR2,PvCF_D5_05_TR2,B,ControlFeeding,Pv
TM_H6,CorrectionBiasPvDiet,Prey18S_3,H6,TM_02_MktSq,TM_H6,C,TissueMix,MktSq
PvCF_D2_08_TR2,CorrectionBiasPvDiet,MiFish_1,H7,PvCF_D2_08_TR2,PvCF_D2_08_TR2,A,ControlFeeding,Pv
PvCF_D5_08_TR3,CorrectionBiasPvDiet,MiFish_2,H7,PvCF_D5_08_TR3,PvCF_D5_08_TR3,B,ControlFeeding,Pv
TM_H7,CorrectionBiasPvDiet,MiFish_3,H7,TM_02_Cockscomb,TM_H7,C,TissueMix,Cockscomb
TM_02_SaddleGun,CorrectionBiasPvDiet,MiFish_4,H7,TM_02_SaddleGun,TM_02_SaddleGun,D,TissueMix,SaddleGun
PvCF_D2_08_TR2,CorrectionBiasPvDiet,Prey18S_1,H7,PvCF_D2_08_TR2,PvCF_D2_08_TR2,A,ControlFeeding,Pv
PvCF_D5_08_TR3,CorrectionBiasPvDiet,Prey18S_2,H7,PvCF_D5_08_TR3,PvCF_D5_08_TR3,B,ControlFeeding,Pv
TM_H7,CorrectionBiasPvDiet,Prey18S_3,H7,TM_01_RedOcto_01,TM_H7,C,TissueMix,RedOcto
PvCF_D2_11_TR1,CorrectionBiasPvDiet,MiFish_1,H8,PvCF_D2_11_TR1,PvCF_D2_11_TR1,A,ControlFeeding,Pv
PvCF_D5_12_TR1,CorrectionBiasPvDiet,MiFish_2,H8,PvCF_D5_12_TR1,PvCF_D5_12_TR1,B,ControlFeeding,Pv
TM_H8,CorrectionBiasPvDiet,MiFish_3,H8,TM_01_PacSanddab,TM_H8,C,TissueMix,PacSanddab
TM_02_SturPoach,CorrectionBiasPvDiet,MiFish_4,H8,TM_02_SturPoach,TM_02_SturPoach,D,TissueMix,SturPoach
PvCF_D2_11_TR1,CorrectionBiasPvDiet,Prey18S_1,H8,PvCF_D2_11_TR1,PvCF_D2_11_TR1,A,ControlFeeding,Pv
PvCF_D5_12_TR1,CorrectionBiasPvDiet,Prey18S_2,H8,PvCF_D5_12_TR1,PvCF_D5_12_TR1,B,ControlFeeding,Pv
TM_H8,CorrectionBiasPvDiet,Prey18S_3,H8,TM_02_SptPrawn,TM_H8,C,TissueMix,SptPrawn
PvCF_D3_04_TR1,CorrectionBiasPvDiet,MiFish_1,H9,PvCF_D3_04_TR1,PvCF_D3_04_TR1,A,ControlFeeding,Pv
PvCF_D5_16_TR1,CorrectionBiasPvDiet,MiFish_2,H9,PvCF_D5_16_TR1,PvCF_D5_16_TR1,B,ControlFeeding,Pv
TM_H9,CorrectionBiasPvDiet,MiFish_3,H9,TM_03_ShinPer,TM_H9,C,TissueMix,ShinPer
TM_02_QuilRockF,CorrectionBiasPvDiet,MiFish_4,H9,TM_02_QuilRock,TM_02_QuilRockF,D,TissueMix,QuilRock
PvCF_D3_04_TR1,CorrectionBiasPvDiet,Prey18S_1,H9,PvCF_D3_04_TR1,PvCF_D3_04_TR1,A,ControlFeeding,Pv
PvCF_D5_16_TR1,CorrectionBiasPvDiet,Prey18S_2,H9,PvCF_D5_16_TR1,PvCF_D5_16_TR1,B,ControlFeeding,Pv
TM_H9,CorrectionBiasPvDiet,Prey18S_3,H9,TM_02_BSkate,TM_H9,C,TissueMix,BSkate
