"sampleid","well_position","project","samplename","tech","clean_sampleid","day","month","year","Collection_Location","Sample_ID","date","date_numeric","biol"
"18QY0182","A-A01","HarborSealScat_HS_5-6_SPID.0185-0186","18QY0182","1","18QY0182","12","09","2018","CommencementBay","Pv18-1162",2018-09-12,17786,1
"18QY0183","A-B01","HarborSealScat_HS_5-6_SPID.0185-0186","18QY0183","1","18QY0183","12","09","2018","CommencementBay","Pv18-1163",2018-09-12,17786,2
"18QY0184","A-C01","HarborSealScat_HS_5-6_SPID.0185-0186","18QY0184","1","18QY0184","12","09","2018","CommencementBay","Pv18-1164",2018-09-12,17786,3
"18QY0185","A-D01","HarborSealScat_HS_5-6_SPID.0185-0186","18QY0185","1","18QY0185","12","09","2018","CommencementBay","Pv18-1165",2018-09-12,17786,4
"18QY0186","A-E01","HarborSealScat_HS_5-6_SPID.0185-0186","18QY0186","1","18QY0186","12","09","2018","CommencementBay","Pv18-1166",2018-09-12,17786,5
"18QY0187","A-F01","HarborSealScat_HS_5-6_SPID.0185-0186","18QY0187","1","18QY0187","12","09","2018","CommencementBay","Pv18-1167",2018-09-12,17786,6
"18QY0188","A-G01","HarborSealScat_HS_5-6_SPID.0185-0186","18QY0188","1","18QY0188","12","09","2018","CommencementBay","Pv18-1168",2018-09-12,17786,7
"18QY0189","A-H01","HarborSealScat_HS_5-6_SPID.0185-0186","18QY0189","1","18QY0189","15","02","2018","CommencementBay","Pv18-1169",2018-02-15,17577,1
"18QY0190","A-A02","HarborSealScat_HS_5-6_SPID.0185-0186","18QY0190","1","18QY0190","15","02","2018","CommencementBay","Pv18-1170",2018-02-15,17577,2
"18QY0191","A-B02","HarborSealScat_HS_5-6_SPID.0185-0186","18QY0191","1","18QY0191","15","02","2018","CommencementBay","Pv18-1171",2018-02-15,17577,3
"18QY0192","A-C02","HarborSealScat_HS_5-6_SPID.0185-0186","18QY0192","1","18QY0192","15","02","2018","CommencementBay","Pv18-1172",2018-02-15,17577,4
"18QY0193","A-D02","HarborSealScat_HS_5-6_SPID.0185-0186","18QY0193","1","18QY0193","15","02","2018","CommencementBay","Pv18-1173",2018-02-15,17577,5
"18QY0194","A-E02","HarborSealScat_HS_5-6_SPID.0185-0186","18QY0194","1","18QY0194","15","02","2018","CommencementBay","Pv18-1174",2018-02-15,17577,6
"18QY0195","A-F02","HarborSealScat_HS_5-6_SPID.0185-0186","18QY0195","1","18QY0195","15","02","2018","CommencementBay","Pv18-1175",2018-02-15,17577,7
"18QY0196","A-G02","HarborSealScat_HS_5-6_SPID.0185-0186","18QY0196","1","18QY0196","15","02","2018","CommencementBay","Pv18-1176",2018-02-15,17577,8
"18QY0197","A-H02","HarborSealScat_HS_5-6_SPID.0185-0186","18QY0197","1","18QY0197","15","02","2018","CommencementBay","Pv18-1177",2018-02-15,17577,9
"18QY0198","A-A03","HarborSealScat_HS_5-6_SPID.0185-0186","18QY0198","1","18QY0198","15","02","2018","CommencementBay","Pv18-1178",2018-02-15,17577,10
"18QY0199","A-B03","HarborSealScat_HS_5-6_SPID.0185-0186","18QY0199","1","18QY0199","15","02","2018","CommencementBay","Pv18-1179",2018-02-15,17577,11
"18QY0200","A-C03","HarborSealScat_HS_5-6_SPID.0185-0186","18QY0200","1","18QY0200","15","02","2018","CommencementBay","Pv18-1180",2018-02-15,17577,12
"18QY0201","A-D03","HarborSealScat_HS_5-6_SPID.0185-0186","18QY0201","1","18QY0201","15","02","2018","CommencementBay","Pv18-1181",2018-02-15,17577,13
"18QY0202","A-E03","HarborSealScat_HS_5-6_SPID.0185-0186","18QY0202","1","18QY0202","15","02","2018","CommencementBay","Pv18-1182",2018-02-15,17577,14
"18QY0203","A-F03","HarborSealScat_HS_5-6_SPID.0185-0186","18QY0203","1","18QY0203","15","02","2018","CommencementBay","Pv18-1183",2018-02-15,17577,15
"18QY0204","A-G03","HarborSealScat_HS_5-6_SPID.0185-0186","18QY0204","1","18QY0204","15","02","2018","CommencementBay","Pv18-1184",2018-02-15,17577,16
"18QY0205","A-H03","HarborSealScat_HS_5-6_SPID.0185-0186","18QY0205","1","18QY0205","15","02","2018","CommencementBay","Pv18-1185",2018-02-15,17577,17
"18QY0206","A-A04","HarborSealScat_HS_5-6_SPID.0185-0186","18QY0206","1","18QY0206","15","02","2018","CommencementBay","Pv18-1186",2018-02-15,17577,18
"18QY0207","A-B04","HarborSealScat_HS_5-6_SPID.0185-0186","18QY0207","1","18QY0207","15","02","2018","CommencementBay","Pv18-1187",2018-02-15,17577,19
"18QY0208","A-C04","HarborSealScat_HS_5-6_SPID.0185-0186","18QY0208","1","18QY0208","15","02","2018","CommencementBay","Pv18-1188",2018-02-15,17577,20
"18QY0209","A-D04","HarborSealScat_HS_5-6_SPID.0185-0186","18QY0209","1","18QY0209","15","02","2018","CommencementBay","Pv18-1189",2018-02-15,17577,21
"18QY0210","A-E04","HarborSealScat_HS_5-6_SPID.0185-0186","18QY0210","1","18QY0210","15","02","2018","CommencementBay","Pv18-1190",2018-02-15,17577,22
"18QY0211","A-F04","HarborSealScat_HS_5-6_SPID.0185-0186","18QY0211","1","18QY0211","15","02","2018","CommencementBay","Pv18-1191",2018-02-15,17577,23
"18QY0212","A-G04","HarborSealScat_HS_5-6_SPID.0185-0186","18QY0212","1","18QY0212","15","02","2018","CommencementBay","Pv18-1192",2018-02-15,17577,24
"18QY0213","A-H04","HarborSealScat_HS_5-6_SPID.0185-0186","18QY0213","1","18QY0213","15","02","2018","CommencementBay","Pv18-1193",2018-02-15,17577,25
"18QY0214","A-A05","HarborSealScat_HS_5-6_SPID.0185-0186","18QY0214","1","18QY0214","15","02","2018","CommencementBay","Pv18-1194",2018-02-15,17577,26
"18QY0215","A-B05","HarborSealScat_HS_5-6_SPID.0185-0186","18QY0215","1","18QY0215","15","02","2018","CommencementBay","Pv18-1195",2018-02-15,17577,27
"18QY0216","A-C05","HarborSealScat_HS_5-6_SPID.0185-0186","18QY0216","1","18QY0216","15","02","2018","CommencementBay","Pv18-1196",2018-02-15,17577,28
"18QY0238","A-D05","HarborSealScat_HS_5-6_SPID.0185-0186","18QY0238","1","18QY0238","17","08","2018","CommencementBay","Pv18-1218",2018-08-17,17760,1
"18QY0239","A-E05","HarborSealScat_HS_5-6_SPID.0185-0186","18QY0239","1","18QY0239","17","08","2018","CommencementBay","Pv18-1219",2018-08-17,17760,2
"18QY0240","A-F05","HarborSealScat_HS_5-6_SPID.0185-0186","18QY0240","1","18QY0240","17","08","2018","CommencementBay","Pv18-1220",2018-08-17,17760,3
"18QY0241","A-G05","HarborSealScat_HS_5-6_SPID.0185-0186","18QY0241","1","18QY0241","17","08","2018","CommencementBay","Pv18-1221",2018-08-17,17760,4
"18QY0242","A-H05","HarborSealScat_HS_5-6_SPID.0185-0186","18QY0242","1","18QY0242","17","08","2018","CommencementBay","Pv18-1222",2018-08-17,17760,5
"18QY0243","A-A06","HarborSealScat_HS_5-6_SPID.0185-0186","18QY0243","1","18QY0243","17","08","2018","CommencementBay","Pv18-1223",2018-08-17,17760,6
"18QY0244","A-B06","HarborSealScat_HS_5-6_SPID.0185-0186","18QY0244","1","18QY0244","17","08","2018","CommencementBay","Pv18-1224",2018-08-17,17760,7
"18QY0245","A-C06","HarborSealScat_HS_5-6_SPID.0185-0186","18QY0245","1","18QY0245","17","08","2018","CommencementBay","Pv18-1225",2018-08-17,17760,8
"18QY0246","A-D06","HarborSealScat_HS_5-6_SPID.0185-0186","18QY0246","1","18QY0246","17","08","2018","CommencementBay","Pv18-1227",2018-08-17,17760,9
"18QY0246-2","A-E06","HarborSealScat_HS_5-6_SPID.0185-0186","18QY0246-2","2","18QY0246","17","08","2018","CommencementBay","Pv18-1227",2018-08-17,17760,10
"18QY0247","A-F06","HarborSealScat_HS_5-6_SPID.0185-0186","18QY0247","1","18QY0247","17","08","2018","CommencementBay","Pv18-1228",2018-08-17,17760,11
"18QY0248","A-G06","HarborSealScat_HS_5-6_SPID.0185-0186","18QY0248","1","18QY0248","17","08","2018","CommencementBay","Pv18-1229",2018-08-17,17760,12
"18QY0249","A-H06","HarborSealScat_HS_5-6_SPID.0185-0186","18QY0249","1","18QY0249","17","08","2018","CommencementBay","Pv18-1230",2018-08-17,17760,13
"18QY0250","A-A07","HarborSealScat_HS_5-6_SPID.0185-0186","18QY0250","1","18QY0250","17","08","2018","CommencementBay","Pv18-1231",2018-08-17,17760,14
"18QY0251","A-B07","HarborSealScat_HS_5-6_SPID.0185-0186","18QY0251","1","18QY0251","17","08","2018","CommencementBay","Pv18-1232",2018-08-17,17760,15
"18QY0252","A-C07","HarborSealScat_HS_5-6_SPID.0185-0186","18QY0252","1","18QY0252","17","08","2018","CommencementBay","Pv18-1233",2018-08-17,17760,16
"18QY0253","A-D07","HarborSealScat_HS_5-6_SPID.0185-0186","18QY0253","1","18QY0253","17","08","2018","CommencementBay","Pv18-1234",2018-08-17,17760,17
"18QY0254","A-E07","HarborSealScat_HS_5-6_SPID.0185-0186","18QY0254","1","18QY0254","17","08","2018","CommencementBay","Pv18-1235",2018-08-17,17760,18
"18QY0255","A-F07","HarborSealScat_HS_5-6_SPID.0185-0186","18QY0255","1","18QY0255","17","08","2018","CommencementBay","Pv18-1236",2018-08-17,17760,19
"18QY0256","A-G07","HarborSealScat_HS_5-6_SPID.0185-0186","18QY0256","1","18QY0256","17","08","2018","CommencementBay","Pv18-1237",2018-08-17,17760,20
"18QY0257","A-H07","HarborSealScat_HS_5-6_SPID.0185-0186","18QY0257","1","18QY0257","17","08","2018","CommencementBay","Pv18-1238",2018-08-17,17760,21
"18QY0258","A-A08","HarborSealScat_HS_5-6_SPID.0185-0186","18QY0258","1","18QY0258","17","08","2018","CommencementBay","Pv18-1239",2018-08-17,17760,22
"18QY0259","A-B08","HarborSealScat_HS_5-6_SPID.0185-0186","18QY0259","1","18QY0259","17","08","2018","CommencementBay","Pv18-1240",2018-08-17,17760,23
"18QY0260","A-C08","HarborSealScat_HS_5-6_SPID.0185-0186","18QY0260","1","18QY0260","17","08","2018","CommencementBay","Pv18-1241",2018-08-17,17760,24
"18QY0261","A-D08","HarborSealScat_HS_5-6_SPID.0185-0186","18QY0261","1","18QY0261","17","08","2018","CommencementBay","Pv18-1242",2018-08-17,17760,25
"18QY0262","A-E08","HarborSealScat_HS_5-6_SPID.0185-0186","18QY0262","1","18QY0262","17","08","2018","CommencementBay","Pv18-1243",2018-08-17,17760,26
"18QY0263","A-F08","HarborSealScat_HS_5-6_SPID.0185-0186","18QY0263","1","18QY0263","17","08","2018","CommencementBay","Pv18-1244",2018-08-17,17760,27
"18QY0264","A-G08","HarborSealScat_HS_5-6_SPID.0185-0186","18QY0264","1","18QY0264","17","08","2018","CommencementBay","Pv18-1245",2018-08-17,17760,28
"18QY0265","A-H08","HarborSealScat_HS_5-6_SPID.0185-0186","18QY0265","1","18QY0265","17","08","2018","CommencementBay","Pv18-1246",2018-08-17,17760,29
"18QY0266","A-A09","HarborSealScat_HS_5-6_SPID.0185-0186","18QY0266","1","18QY0266","17","08","2018","CommencementBay","Pv18-1247",2018-08-17,17760,30
"18QY0267","A-B09","HarborSealScat_HS_5-6_SPID.0185-0186","18QY0267","1","18QY0267","17","08","2018","CommencementBay","Pv18-1248",2018-08-17,17760,31
"18QY0268","A-C09","HarborSealScat_HS_5-6_SPID.0185-0186","18QY0268","1","18QY0268","17","08","2018","CommencementBay","Pv18-1249",2018-08-17,17760,32
"18QY0269","A-D09","HarborSealScat_HS_5-6_SPID.0185-0186","18QY0269","1","18QY0269","17","08","2018","CommencementBay","Pv18-1250",2018-08-17,17760,33
"18QY0270","A-E09","HarborSealScat_HS_5-6_SPID.0185-0186","18QY0270","1","18QY0270","17","08","2018","CommencementBay","Pv18-1251",2018-08-17,17760,34
"18QY0271","A-F09","HarborSealScat_HS_5-6_SPID.0185-0186","18QY0271","1","18QY0271","17","08","2018","CommencementBay","Pv18-1252",2018-08-17,17760,35
"18QY0272","A-G09","HarborSealScat_HS_5-6_SPID.0185-0186","18QY0272","1","18QY0272","17","08","2018","CommencementBay","Pv18-1253",2018-08-17,17760,36
"18QY0273","A-H09","HarborSealScat_HS_5-6_SPID.0185-0186","18QY0273","1","18QY0273","17","08","2018","CommencementBay","Pv18-1254",2018-08-17,17760,37
"18QY0274","A-A10","HarborSealScat_HS_5-6_SPID.0185-0186","18QY0274","1","18QY0274","17","08","2018","CommencementBay","Pv18-1255",2018-08-17,17760,38
"18QY0275","A-B10","HarborSealScat_HS_5-6_SPID.0185-0186","18QY0275","1","18QY0275","17","08","2018","CommencementBay","Pv18-1256",2018-08-17,17760,39
"18QY0276","A-C10","HarborSealScat_HS_5-6_SPID.0185-0186","18QY0276","1","18QY0276","17","08","2018","CommencementBay","Pv18-1257",2018-08-17,17760,40
"18QY0277","A-D10","HarborSealScat_HS_5-6_SPID.0185-0186","18QY0277","1","18QY0277","17","08","2018","CommencementBay","Pv18-1258",2018-08-17,17760,41
"18QY0278","A-E10","HarborSealScat_HS_5-6_SPID.0185-0186","18QY0278","1","18QY0278","17","08","2018","CommencementBay","Pv18-1259",2018-08-17,17760,42
"18QY0279","A-F10","HarborSealScat_HS_5-6_SPID.0185-0186","18QY0279","1","18QY0279","17","08","2018","CommencementBay","Pv18-1260",2018-08-17,17760,43
"18QY0280","A-G10","HarborSealScat_HS_5-6_SPID.0185-0186","18QY0280","1","18QY0280","17","08","2018","CommencementBay","Pv18-1261",2018-08-17,17760,44
"18QY0281","A-H10","HarborSealScat_HS_5-6_SPID.0185-0186","18QY0281","1","18QY0281","17","08","2018","CommencementBay","Pv18-1262",2018-08-17,17760,45
"18QY0282","A-A11","HarborSealScat_HS_5-6_SPID.0185-0186","18QY0282","1","18QY0282","17","08","2018","CommencementBay","Pv18-1263",2018-08-17,17760,46
"18QY0283","A-B11","HarborSealScat_HS_5-6_SPID.0185-0186","18QY0283","1","18QY0283","17","08","2018","CommencementBay","Pv18-1264",2018-08-17,17760,47
"18QY0284","A-C11","HarborSealScat_HS_5-6_SPID.0185-0186","18QY0284","1","18QY0284","17","08","2018","CommencementBay","Pv18-1265",2018-08-17,17760,48
"18QY0285","A-D11","HarborSealScat_HS_5-6_SPID.0185-0186","18QY0285","1","18QY0285","17","08","2018","CommencementBay","Pv18-1266",2018-08-17,17760,49
"18QY0286","A-E11","HarborSealScat_HS_5-6_SPID.0185-0186","18QY0286","1","18QY0286","17","08","2018","CommencementBay","Pv18-1267",2018-08-17,17760,50
"18QY0287","A-F11","HarborSealScat_HS_5-6_SPID.0185-0186","18QY0287","1","18QY0287","17","08","2018","CommencementBay","Pv18-1268",2018-08-17,17760,51
"18QY0288","A-G11","HarborSealScat_HS_5-6_SPID.0185-0186","18QY0288","1","18QY0288","17","08","2018","CommencementBay","Pv18-1269",2018-08-17,17760,52
"18QY0289","A-H11","HarborSealScat_HS_5-6_SPID.0185-0186","18QY0289","1","18QY0289","17","08","2018","CommencementBay","Pv18-1270",2018-08-17,17760,53
"18QY0290","A-A12","HarborSealScat_HS_5-6_SPID.0185-0186","18QY0290","1","18QY0290","17","08","2018","CommencementBay","Pv18-1271",2018-08-17,17760,54
"18QY0291","A-B12","HarborSealScat_HS_5-6_SPID.0185-0186","18QY0291","1","18QY0291","17","08","2018","CommencementBay","Pv18-1272",2018-08-17,17760,55
"18QY0292","A-C12","HarborSealScat_HS_5-6_SPID.0185-0186","18QY0292","1","18QY0292","17","08","2018","CommencementBay","Pv18-1273",2018-08-17,17760,56
"18QY0293","A-D12","HarborSealScat_HS_5-6_SPID.0185-0186","18QY0293","1","18QY0293","17","08","2018","CommencementBay","Pv18-1274",2018-08-17,17760,57
"18QY0294_1","A-E12","HarborSealScat_HS_5-6_SPID.0185-0186","18QY0294_1","1","18QY0294","27","02","2018","CommencementBay","Pv18-1275",2018-02-27,17589,1
"18QY0294_2","A-F12","HarborSealScat_HS_5-6_SPID.0185-0186","18QY0294_2","2","18QY0294","27","02","2018","CommencementBay","Pv18-1275",2018-02-27,17589,2
"18QY0294_3","A-G12","HarborSealScat_HS_5-6_SPID.0185-0186","18QY0294_3","3","18QY0294","27","02","2018","CommencementBay","Pv18-1275",2018-02-27,17589,3
"Kang_HS_05","A-H12","HarborSealScat_HS_5-6_SPID.0185-0186","Kang_HS_05","1","Kang_HS_05",NA,NA,NA,"ControlSample","Kang_HS_05",NA,NA,1
"18QY0295","B-A01","HarborSealScat_HS_5-6_SPID.0185-0186","18QY0295","1","18QY0295","27","02","2018","CommencementBay","Pv18-1276",2018-02-27,17589,4
"18QY0296","B-B01","HarborSealScat_HS_5-6_SPID.0185-0186","18QY0296","1","18QY0296","27","02","2018","CommencementBay","Pv18-1277",2018-02-27,17589,5
"18QY0297","B-C01","HarborSealScat_HS_5-6_SPID.0185-0186","18QY0297","1","18QY0297","27","02","2018","CommencementBay","Pv18-1278",2018-02-27,17589,6
"18QY0298","B-D01","HarborSealScat_HS_5-6_SPID.0185-0186","18QY0298","1","18QY0298","27","02","2018","CommencementBay","Pv18-1279",2018-02-27,17589,7
"18QY0299","B-E01","HarborSealScat_HS_5-6_SPID.0185-0186","18QY0299","1","18QY0299","27","02","2018","CommencementBay","Pv18-1280",2018-02-27,17589,8
"18QY0300","B-F01","HarborSealScat_HS_5-6_SPID.0185-0186","18QY0300","1","18QY0300","27","02","2018","CommencementBay","Pv18-1281",2018-02-27,17589,9
"18QY0301","B-G01","HarborSealScat_HS_5-6_SPID.0185-0186","18QY0301","1","18QY0301","27","02","2018","CommencementBay","Pv18-1282",2018-02-27,17589,10
"18QY0302","B-H01","HarborSealScat_HS_5-6_SPID.0185-0186","18QY0302","1","18QY0302","27","02","2018","CommencementBay","Pv18-1283",2018-02-27,17589,11
"18QY0303","B-A02","HarborSealScat_HS_5-6_SPID.0185-0186","18QY0303","1","18QY0303","27","02","2018","CommencementBay","Pv18-1284",2018-02-27,17589,12
"18QY0304","B-B02","HarborSealScat_HS_5-6_SPID.0185-0186","18QY0304","1","18QY0304","27","02","2018","CommencementBay","Pv18-1285",2018-02-27,17589,13
"18QY0305","B-C02","HarborSealScat_HS_5-6_SPID.0185-0186","18QY0305","1","18QY0305","27","02","2018","CommencementBay","Pv18-1286",2018-02-27,17589,14
"18QY0306","B-D02","HarborSealScat_HS_5-6_SPID.0185-0186","18QY0306","1","18QY0306","27","02","2018","CommencementBay","Pv18-1287",2018-02-27,17589,15
"18QY0307","B-E02","HarborSealScat_HS_5-6_SPID.0185-0186","18QY0307","1","18QY0307","27","02","2018","CommencementBay","Pv18-1288",2018-02-27,17589,16
"18QY0308","B-F02","HarborSealScat_HS_5-6_SPID.0185-0186","18QY0308","1","18QY0308","27","02","2018","CommencementBay","Pv18-1289",2018-02-27,17589,17
"18QY0309","B-G02","HarborSealScat_HS_5-6_SPID.0185-0186","18QY0309","1","18QY0309","27","02","2018","CommencementBay","Pv18-1290",2018-02-27,17589,18
"18QY0310","B-H02","HarborSealScat_HS_5-6_SPID.0185-0186","18QY0310","1","18QY0310","27","02","2018","CommencementBay","Pv18-1291",2018-02-27,17589,19
"18QY0311","B-A03","HarborSealScat_HS_5-6_SPID.0185-0186","18QY0311","1","18QY0311","27","02","2018","CommencementBay","Pv18-1292",2018-02-27,17589,20
"18QY0312","B-B03","HarborSealScat_HS_5-6_SPID.0185-0186","18QY0312","1","18QY0312","27","02","2018","CommencementBay","Pv18-1293",2018-02-27,17589,21
"18QY0313","B-C03","HarborSealScat_HS_5-6_SPID.0185-0186","18QY0313","1","18QY0313","27","02","2018","CommencementBay","Pv18-1294",2018-02-27,17589,22
"18QY0314","B-D03","HarborSealScat_HS_5-6_SPID.0185-0186","18QY0314","1","18QY0314","27","02","2018","CommencementBay","Pv18-1295",2018-02-27,17589,23
"18QY0315","B-E03","HarborSealScat_HS_5-6_SPID.0185-0186","18QY0315","1","18QY0315","27","02","2018","CommencementBay","Pv18-1296",2018-02-27,17589,24
"18QY0316","B-F03","HarborSealScat_HS_5-6_SPID.0185-0186","18QY0316","1","18QY0316","27","02","2018","CommencementBay","Pv18-1297",2018-02-27,17589,25
"18QY0317","B-G03","HarborSealScat_HS_5-6_SPID.0185-0186","18QY0317","1","18QY0317","27","02","2018","CommencementBay","Pv18-1298",2018-02-27,17589,26
"18QY0318","B-H03","HarborSealScat_HS_5-6_SPID.0185-0186","18QY0318","1","18QY0318","27","02","2018","CommencementBay","Pv18-1299",2018-02-27,17589,27
"18QY0319","B-A04","HarborSealScat_HS_5-6_SPID.0185-0186","18QY0319","1","18QY0319","27","02","2018","CommencementBay","Pv18-1300",2018-02-27,17589,28
"18QY0320","B-B04","HarborSealScat_HS_5-6_SPID.0185-0186","18QY0320","1","18QY0320","27","02","2018","CommencementBay","Pv18-1301",2018-02-27,17589,29
"18QY0321","B-C04","HarborSealScat_HS_5-6_SPID.0185-0186","18QY0321","1","18QY0321","27","02","2018","CommencementBay","Pv18-1302",2018-02-27,17589,30
"18QY0322","B-D04","HarborSealScat_HS_5-6_SPID.0185-0186","18QY0322","1","18QY0322","22","01","2018","CommencementBay","Pv18-1303",2018-01-22,17553,1
"18QY0323","B-E04","HarborSealScat_HS_5-6_SPID.0185-0186","18QY0323","1","18QY0323","22","01","2018","CommencementBay","Pv18-1304",2018-01-22,17553,2
"18QY0324","B-F04","HarborSealScat_HS_5-6_SPID.0185-0186","18QY0324","1","18QY0324","22","01","2018","CommencementBay","Pv18-1305",2018-01-22,17553,3
"18QY0325","B-G04","HarborSealScat_HS_5-6_SPID.0185-0186","18QY0325","1","18QY0325","22","01","2018","CommencementBay","Pv18-1306",2018-01-22,17553,4
"18QY0326","B-H04","HarborSealScat_HS_5-6_SPID.0185-0186","18QY0326","1","18QY0326","22","01","2018","CommencementBay","Pv18-1307",2018-01-22,17553,5
"18QY0327","B-A05","HarborSealScat_HS_5-6_SPID.0185-0186","18QY0327","1","18QY0327","22","01","2018","CommencementBay","Pv18-1308",2018-01-22,17553,6
"18QY0328","B-B05","HarborSealScat_HS_5-6_SPID.0185-0186","18QY0328","1","18QY0328","22","01","2018","CommencementBay","Pv18-1309",2018-01-22,17553,7
"18QY0329","B-C05","HarborSealScat_HS_5-6_SPID.0185-0186","18QY0329","1","18QY0329","22","01","2018","CommencementBay","Pv18-1310",2018-01-22,17553,8
"18QY0330","B-D05","HarborSealScat_HS_5-6_SPID.0185-0186","18QY0330","1","18QY0330","22","01","2018","CommencementBay","Pv18-1311",2018-01-22,17553,9
"18QY0331","B-E05","HarborSealScat_HS_5-6_SPID.0185-0186","18QY0331","1","18QY0331","22","01","2018","CommencementBay","Pv18-1312",2018-01-22,17553,10
"18QY0332","B-F05","HarborSealScat_HS_5-6_SPID.0185-0186","18QY0332","1","18QY0332","22","01","2018","CommencementBay","Pv18-1313",2018-01-22,17553,11
"18QY0333","B-G05","HarborSealScat_HS_5-6_SPID.0185-0186","18QY0333","1","18QY0333","22","01","2018","CommencementBay","Pv18-1314",2018-01-22,17553,12
"18QY0334","B-H05","HarborSealScat_HS_5-6_SPID.0185-0186","18QY0334","1","18QY0334","22","01","2018","CommencementBay","Pv18-1315",2018-01-22,17553,13
"18QY0335","B-A06","HarborSealScat_HS_5-6_SPID.0185-0186","18QY0335","1","18QY0335","22","01","2018","CommencementBay","Pv18-1316",2018-01-22,17553,14
"18QY0336","B-B06","HarborSealScat_HS_5-6_SPID.0185-0186","18QY0336","1","18QY0336","22","01","2018","CommencementBay","Pv18-1317",2018-01-22,17553,15
"18QY0337","B-C06","HarborSealScat_HS_5-6_SPID.0185-0186","18QY0337","1","18QY0337","22","01","2018","CommencementBay","Pv18-1318",2018-01-22,17553,16
"18QY0338","B-D06","HarborSealScat_HS_5-6_SPID.0185-0186","18QY0338","1","18QY0338","22","01","2018","CommencementBay","Pv18-1319",2018-01-22,17553,17
"18QY0339","B-E06","HarborSealScat_HS_5-6_SPID.0185-0186","18QY0339","1","18QY0339","22","01","2018","CommencementBay","Pv18-1320",2018-01-22,17553,18
"18QY0340","B-F06","HarborSealScat_HS_5-6_SPID.0185-0186","18QY0340","1","18QY0340","22","01","2018","CommencementBay","Pv18-1321",2018-01-22,17553,19
"18QY0341","B-G06","HarborSealScat_HS_5-6_SPID.0185-0186","18QY0341","1","18QY0341","22","01","2018","CommencementBay","Pv18-1322",2018-01-22,17553,20
"18QY0342","B-H06","HarborSealScat_HS_5-6_SPID.0185-0186","18QY0342","1","18QY0342","22","01","2018","CommencementBay","Pv18-1323",2018-01-22,17553,21
"18QY0343","B-A07","HarborSealScat_HS_5-6_SPID.0185-0186","18QY0343","1","18QY0343","22","01","2018","CommencementBay","Pv18-1324",2018-01-22,17553,22
"18QY0344","B-B07","HarborSealScat_HS_5-6_SPID.0185-0186","18QY0344","1","18QY0344","22","01","2018","CommencementBay","Pv18-1325",2018-01-22,17553,23
"18QY0345","B-C07","HarborSealScat_HS_5-6_SPID.0185-0186","18QY0345","1","18QY0345","22","01","2018","CommencementBay","Pv18-1326",2018-01-22,17553,24
"18QY0346","B-D07","HarborSealScat_HS_5-6_SPID.0185-0186","18QY0346","1","18QY0346","22","01","2018","CommencementBay","Pv18-1327",2018-01-22,17553,25
"18QY0347","B-E07","HarborSealScat_HS_5-6_SPID.0185-0186","18QY0347","1","18QY0347","22","01","2018","CommencementBay","Pv18-1328",2018-01-22,17553,26
"18QY0348","B-F07","HarborSealScat_HS_5-6_SPID.0185-0186","18QY0348","1","18QY0348","22","01","2018","CommencementBay","Pv18-1329",2018-01-22,17553,27
"18QY0349","B-G07","HarborSealScat_HS_5-6_SPID.0185-0186","18QY0349","1","18QY0349","22","01","2018","CommencementBay","Pv18-1330",2018-01-22,17553,28
"18QY0350","B-H07","HarborSealScat_HS_5-6_SPID.0185-0186","18QY0350","1","18QY0350","22","01","2018","CommencementBay","Pv18-1331",2018-01-22,17553,29
"18QY0351","B-A08","HarborSealScat_HS_5-6_SPID.0185-0186","18QY0351","1","18QY0351","22","01","2018","CommencementBay","Pv18-1332",2018-01-22,17553,30
"18QY0352","B-B08","HarborSealScat_HS_5-6_SPID.0185-0186","18QY0352","1","18QY0352","22","01","2018","CommencementBay","Pv18-1333",2018-01-22,17553,31
"18QY0353","B-C08","HarborSealScat_HS_5-6_SPID.0185-0186","18QY0353","1","18QY0353","22","01","2018","CommencementBay","Pv18-1334",2018-01-22,17553,32
"18QY0354","B-D08","HarborSealScat_HS_5-6_SPID.0185-0186","18QY0354","1","18QY0354","22","01","2018","CommencementBay","Pv18-1335",2018-01-22,17553,33
"18QY0355","B-E08","HarborSealScat_HS_5-6_SPID.0185-0186","18QY0355","1","18QY0355","22","01","2018","CommencementBay","Pv18-1336",2018-01-22,17553,34
"18QY0356","B-F08","HarborSealScat_HS_5-6_SPID.0185-0186","18QY0356","1","18QY0356","22","01","2018","CommencementBay","Pv18-1337",2018-01-22,17553,35
"18QY0357","B-G08","HarborSealScat_HS_5-6_SPID.0185-0186","18QY0357","1","18QY0357","22","01","2018","CommencementBay","Pv18-1338",2018-01-22,17553,36
"18QY0358","B-H08","HarborSealScat_HS_5-6_SPID.0185-0186","18QY0358","1","18QY0358","22","01","2018","CommencementBay","Pv18-1339",2018-01-22,17553,37
"18QY0359","B-A09","HarborSealScat_HS_5-6_SPID.0185-0186","18QY0359","1","18QY0359","22","01","2018","CommencementBay","Pv18-1340",2018-01-22,17553,38
"18QY0360","B-B09","HarborSealScat_HS_5-6_SPID.0185-0186","18QY0360","1","18QY0360","22","01","2018","CommencementBay","Pv18-1341",2018-01-22,17553,39
"18QY0361","B-C09","HarborSealScat_HS_5-6_SPID.0185-0186","18QY0361","1","18QY0361","22","01","2018","CommencementBay","Pv18-1342",2018-01-22,17553,40
"18QY0362","B-D09","HarborSealScat_HS_5-6_SPID.0185-0186","18QY0362","1","18QY0362","22","01","2018","CommencementBay","Pv18-1343",2018-01-22,17553,41
"18QY0363","B-E09","HarborSealScat_HS_5-6_SPID.0185-0186","18QY0363","1","18QY0363","22","01","2018","CommencementBay","Pv18-1344",2018-01-22,17553,42
"18QY0364","B-F09","HarborSealScat_HS_5-6_SPID.0185-0186","18QY0364","1","18QY0364","22","01","2018","CommencementBay","Pv18-1345",2018-01-22,17553,43
"18QY0365","B-G09","HarborSealScat_HS_5-6_SPID.0185-0186","18QY0365","1","18QY0365","22","01","2018","CommencementBay","Pv18-1346",2018-01-22,17553,44
"18QY0366","B-H09","HarborSealScat_HS_5-6_SPID.0185-0186","18QY0366","1","18QY0366","22","01","2018","CommencementBay","Pv18-1347",2018-01-22,17553,45
"18QY0367","B-A10","HarborSealScat_HS_5-6_SPID.0185-0186","18QY0367","1","18QY0367","22","01","2018","CommencementBay","Pv18-1348",2018-01-22,17553,46
"18QY0368","B-B10","HarborSealScat_HS_5-6_SPID.0185-0186","18QY0368","1","18QY0368","22","01","2018","CommencementBay","Pv18-1349",2018-01-22,17553,47
"18QY0369","B-C10","HarborSealScat_HS_5-6_SPID.0185-0186","18QY0369","1","18QY0369","22","01","2018","CommencementBay","Pv18-1350",2018-01-22,17553,48
"18QY0370","B-D10","HarborSealScat_HS_5-6_SPID.0185-0186","18QY0370","1","18QY0370","22","01","2018","CommencementBay","Pv18-1351",2018-01-22,17553,49
"18QY0371","B-E10","HarborSealScat_HS_5-6_SPID.0185-0186","18QY0371","1","18QY0371","22","01","2018","CommencementBay","Pv18-1352",2018-01-22,17553,50
"18QY0372","B-F10","HarborSealScat_HS_5-6_SPID.0185-0186","18QY0372","1","18QY0372","22","01","2018","CommencementBay","Pv18-1353",2018-01-22,17553,51
"18QY0373","B-G10","HarborSealScat_HS_5-6_SPID.0185-0186","18QY0373","1","18QY0373","22","01","2018","CommencementBay","Pv18-1354",2018-01-22,17553,52
"18QY0374","B-H10","HarborSealScat_HS_5-6_SPID.0185-0186","18QY0374","1","18QY0374","22","01","2018","CommencementBay","Pv18-1355",2018-01-22,17553,53
"18QY0375","B-A11","HarborSealScat_HS_5-6_SPID.0185-0186","18QY0375","1","18QY0375","22","01","2018","CommencementBay","Pv18-1356",2018-01-22,17553,54
"18QY0376","B-B11","HarborSealScat_HS_5-6_SPID.0185-0186","18QY0376","1","18QY0376","22","01","2018","CommencementBay","Pv18-1357",2018-01-22,17553,55
"18QY0377","B-C11","HarborSealScat_HS_5-6_SPID.0185-0186","18QY0377","1","18QY0377","22","01","2018","CommencementBay","Pv18-1358",2018-01-22,17553,56
"18QY0378","B-D11","HarborSealScat_HS_5-6_SPID.0185-0186","18QY0378","1","18QY0378","22","01","2018","CommencementBay","Pv18-1359",2018-01-22,17553,57
"18QY0379","B-E11","HarborSealScat_HS_5-6_SPID.0185-0186","18QY0379","1","18QY0379","22","01","2018","CommencementBay","Pv18-1360",2018-01-22,17553,58
"18QY0380","B-F11","HarborSealScat_HS_5-6_SPID.0185-0186","18QY0380","1","18QY0380","22","01","2018","CommencementBay","Pv18-1361",2018-01-22,17553,59
"18QY0381","B-G11","HarborSealScat_HS_5-6_SPID.0185-0186","18QY0381","1","18QY0381","22","01","2018","CommencementBay","Pv18-1362",2018-01-22,17553,60
"18QY0382","B-H11","HarborSealScat_HS_5-6_SPID.0185-0186","18QY0382","1","18QY0382","22","01","2018","CommencementBay","Pv18-1363",2018-01-22,17553,61
"18QY0383","B-A12","HarborSealScat_HS_5-6_SPID.0185-0186","18QY0383","1","18QY0383","22","01","2018","CommencementBay","Pv18-1364",2018-01-22,17553,62
"18QY0384","B-B12","HarborSealScat_HS_5-6_SPID.0185-0186","18QY0384","1","18QY0384","22","01","2018","CommencementBay","Pv18-1365",2018-01-22,17553,63
"18QY0385","B-C12","HarborSealScat_HS_5-6_SPID.0185-0186","18QY0385","1","18QY0385","22","01","2018","CommencementBay","Pv18-1366",2018-01-22,17553,64
"18QY0386","B-D12","HarborSealScat_HS_5-6_SPID.0185-0186","18QY0386","1","18QY0386","22","01","2018","CommencementBay","Pv18-1367",2018-01-22,17553,65
"18QY0387_1","B-E12","HarborSealScat_HS_5-6_SPID.0185-0186","18QY0387_1","1","18QY0387","22","01","2018","CommencementBay","Pv18-1368",2018-01-22,17553,66
"18QY0387_2","B-F12","HarborSealScat_HS_5-6_SPID.0185-0186","18QY0387_2","2","18QY0387","22","01","2018","CommencementBay","Pv18-1368",2018-01-22,17553,67
"18QY0387_3","B-G12","HarborSealScat_HS_5-6_SPID.0185-0186","18QY0387_3","3","18QY0387","22","01","2018","CommencementBay","Pv18-1368",2018-01-22,17553,68
"Kang_HS_06","B-H12","HarborSealScat_HS_5-6_SPID.0185-0186","Kang_HS_06","1","Kang_HS_06",NA,NA,NA,"ControlSample","Kang_HS_06",NA,NA,2
"Pv18_551_A","C-A01","HarborSealScat_HS_5-6_SPID.0185-0186","Pv18_551_A","1","Pv18-0551","2","04","2018","WoodardBay","Pv18-0551",2018-04-02,17623,1
"Pv18_552_A","C-B01","HarborSealScat_HS_5-6_SPID.0185-0186","Pv18_552_A","1","Pv18-0552","2","04","2018","WoodardBay","Pv18-0552",2018-04-02,17623,2
"Pv18_553_A","C-C01","HarborSealScat_HS_5-6_SPID.0185-0186","Pv18_553_A","1","Pv18-0553","2","04","2018","WoodardBay","Pv18-0553",2018-04-02,17623,3
"PV18_554_A","C-D01","HarborSealScat_HS_5-6_SPID.0185-0186","Pv18_554_A","1","Pv18-0554","2","04","2018","WoodardBay","Pv18-0554",2018-04-02,17623,4
"Pv18_555_A","C-E01","HarborSealScat_HS_5-6_SPID.0185-0186","Pv18_555_A","1","Pv18-0555","2","04","2018","WoodardBay","Pv18-0555",2018-04-02,17623,5
"Pv18_556_A","C-F01","HarborSealScat_HS_5-6_SPID.0185-0186","Pv18_556_A","1","Pv18-0556","2","04","2018","WoodardBay","Pv18-0556",2018-04-02,17623,6
"Pv18_557_A","C-G01","HarborSealScat_HS_5-6_SPID.0185-0186","Pv18_557_A","1","Pv18-0557","2","04","2018","GertrudeIsland","Pv18-0557",2018-04-02,17623,1
"Pv18_558_A","C-H01","HarborSealScat_HS_5-6_SPID.0185-0186","Pv18_558_A","1","Pv18-0558","2","04","2018","GertrudeIsland","Pv18-0558",2018-04-02,17623,2
"Pv18_559_A","C-A02","HarborSealScat_HS_5-6_SPID.0185-0186","Pv18_559_A","1","Pv18-0559","2","04","2018","GertrudeIsland","Pv18-0559",2018-04-02,17623,3
"Pv18_560_A","C-B02","HarborSealScat_HS_5-6_SPID.0185-0186","Pv18_560_A","1","Pv18-0560","2","04","2018","GertrudeIsland","Pv18-0560",2018-04-02,17623,4
"Pv18_561_A","C-C02","HarborSealScat_HS_5-6_SPID.0185-0186","Pv18_561_A","1","Pv18-0561","2","04","2018","GertrudeIsland","Pv18-0561",2018-04-02,17623,5
"Pv18_562_A","C-D02","HarborSealScat_HS_5-6_SPID.0185-0186","Pv18_562_A","1","Pv18-0562","2","04","2018","GertrudeIsland","Pv18-0562",2018-04-02,17623,6
"Pv18_563_A","C-E02","HarborSealScat_HS_5-6_SPID.0185-0186","Pv18_563_A","1","Pv18-0563","2","04","2018","GertrudeIsland","Pv18-0563",2018-04-02,17623,7
"Pv18_564_A","C-F02","HarborSealScat_HS_5-6_SPID.0185-0186","Pv18_564_A","1","Pv18-0564","2","04","2018","GertrudeIsland","Pv18-0564",2018-04-02,17623,8
"Pv18_575_A","C-G02","HarborSealScat_HS_5-6_SPID.0185-0186","Pv18_575_A","1","Pv18-0575","20","04","2018","CommencementBay","Pv18-0575",2018-04-20,17641,1
"Pv18_576_A","C-H02","HarborSealScat_HS_5-6_SPID.0185-0186","Pv18_576_A","1","Pv18-0576","20","04","2018","CommencementBay","Pv18-0576",2018-04-20,17641,2
"Pv18_577_A","C-A03","HarborSealScat_HS_5-6_SPID.0185-0186","Pv18_577_A","1","Pv18-0577","20","04","2018","CommencementBay","Pv18-0577",2018-04-20,17641,3
"Pv18_578_A","C-B03","HarborSealScat_HS_5-6_SPID.0185-0186","Pv18_578_A","1","Pv18-0578","20","04","2018","CommencementBay","Pv18-0578",2018-04-20,17641,4
"Pv18_579_A","C-C03","HarborSealScat_HS_5-6_SPID.0185-0186","Pv18_579_A","1","Pv18-0579","20","04","2018","CommencementBay","Pv18-0579",2018-04-20,17641,5
"PV18_580_A","C-D03","HarborSealScat_HS_5-6_SPID.0185-0186","Pv18_580_A","1","Pv18-0580","20","04","2018","CommencementBay","Pv18-0580",2018-04-20,17641,6
"PV18_581_A","C-E03","HarborSealScat_HS_5-6_SPID.0185-0186","Pv18_581_A","1","Pv18-0581","20","04","2018","CommencementBay","Pv18-0581",2018-04-20,17641,7
"PV18_582_A","C-F03","HarborSealScat_HS_5-6_SPID.0185-0186","Pv18_582_A","1","Pv18-0582","20","04","2018","CommencementBay","Pv18-0582",2018-04-20,17641,8
"PV18_583_A","C-G03","HarborSealScat_HS_5-6_SPID.0185-0186","Pv18_583_A","1","Pv18-0583","20","04","2018","CommencementBay","Pv18-0583",2018-04-20,17641,9
"PV18_584_A","C-H03","HarborSealScat_HS_5-6_SPID.0185-0186","Pv18_584_A","1","Pv18-0584","20","04","2018","CommencementBay","Pv18-0584",2018-04-20,17641,10
"PV18_588_A","C-A04","HarborSealScat_HS_5-6_SPID.0185-0186","Pv18_588_A","1","Pv18-0588","20","04","2018","CommencementBay","Pv18-0588",2018-04-20,17641,11
"PV18_590_A","C-B04","HarborSealScat_HS_5-6_SPID.0185-0186","Pv18_590_A","1","Pv18-0590","20","04","2018","CommencementBay","Pv18-0590",2018-04-20,17641,12
"PV18_595_A","C-C04","HarborSealScat_HS_5-6_SPID.0185-0186","Pv18_595_A","1","Pv18-0595","20","04","2018","CommencementBay","Pv18-0595",2018-04-20,17641,13
"PV18_597_A","C-D04","HarborSealScat_HS_5-6_SPID.0185-0186","Pv18_597_A","1","Pv18-0597","20","04","2018","CommencementBay","Pv18-0597",2018-04-20,17641,14
"PV18_600_A","C-E04","HarborSealScat_HS_5-6_SPID.0185-0186","Pv18_600_A","1","Pv18-0600","20","04","2018","CommencementBay","Pv18-0600",2018-04-20,17641,15
"PV18_602_A","C-F04","HarborSealScat_HS_5-6_SPID.0185-0186","Pv18_602_A","1","Pv18-0602","20","04","2018","CommencementBay","Pv18-0602",2018-04-20,17641,16
"PV18_607_A","C-G04","HarborSealScat_HS_5-6_SPID.0185-0186","Pv18_607_A","1","Pv18-0607","20","04","2018","CommencementBay","Pv18-0607",2018-04-20,17641,17
"PV18_608_A","C-H04","HarborSealScat_HS_5-6_SPID.0185-0186","Pv18_608_A","1","Pv18-0608","20","04","2018","CommencementBay","Pv18-0608",2018-04-20,17641,18
"PV18_609_A","C-A05","HarborSealScat_HS_5-6_SPID.0185-0186","Pv18_609_A","1","Pv18-0609","20","04","2018","CommencementBay","Pv18-0609",2018-04-20,17641,19
"PV18_611_A","C-B05","HarborSealScat_HS_5-6_SPID.0185-0186","Pv18_611_A","1","Pv18-0611","20","04","2018","CommencementBay","Pv18-0611",2018-04-20,17641,20
"PV18_614_A","C-C05","HarborSealScat_HS_5-6_SPID.0185-0186","Pv18_614_A","1","Pv18-0614","20","04","2018","CommencementBay","Pv18-0614",2018-04-20,17641,21
"PV18_616A","C-D05","HarborSealScat_HS_5-6_SPID.0185-0186","Pv18_616A","1","Pv18-0616","6","04","2018","CommencementBay","Pv18-0616",2018-04-06,17627,1
"Pv18_617_A","C-E05","HarborSealScat_HS_5-6_SPID.0185-0186","Pv18_617_A","1","Pv18-0617","6","04","2018","CommencementBay","Pv18-0617",2018-04-06,17627,2
"Pv18_618_A","C-F05","HarborSealScat_HS_5-6_SPID.0185-0186","Pv18_618_A","1","Pv18-0618","6","04","2018","CommencementBay","Pv18-0618",2018-04-06,17627,3
"Pv18_619_A","C-G05","HarborSealScat_HS_5-6_SPID.0185-0186","Pv18_619_A","1","Pv18-0619","6","04","2018","CommencementBay","Pv18-0619",2018-04-06,17627,4
"Pv18_620_A","C-H05","HarborSealScat_HS_5-6_SPID.0185-0186","Pv18_620_A","1","Pv18-0620","6","04","2018","CommencementBay","Pv18-0620",2018-04-06,17627,5
"Pv18_621_A","C-A06","HarborSealScat_HS_5-6_SPID.0185-0186","Pv18_621_A","1","Pv18-0621","6","04","2018","CommencementBay","Pv18-0621",2018-04-06,17627,6
"Pv18_622_A","C-B06","HarborSealScat_HS_5-6_SPID.0185-0186","Pv18_622_A","1","Pv18-0622","6","04","2018","CommencementBay","Pv18-0622",2018-04-06,17627,7
"Pv18_623_A","C-C06","HarborSealScat_HS_5-6_SPID.0185-0186","Pv18_623_A","1","Pv18-0623","6","04","2018","CommencementBay","Pv18-0623",2018-04-06,17627,8
"Pv18_624_A","C-D06","HarborSealScat_HS_5-6_SPID.0185-0186","Pv18_624_A","1","Pv18-0624","6","04","2018","CommencementBay","Pv18-0624",2018-04-06,17627,9
"Pv18_625_A","C-E06","HarborSealScat_HS_5-6_SPID.0185-0186","Pv18_625_A","1","Pv18-0625","6","04","2018","CommencementBay","Pv18-0625",2018-04-06,17627,10
"Pv18_626_A","C-F06","HarborSealScat_HS_5-6_SPID.0185-0186","Pv18_626_A","1","Pv18-0626","6","04","2018","CommencementBay","Pv18-0626",2018-04-06,17627,11
"Pv18_627_A","C-G06","HarborSealScat_HS_5-6_SPID.0185-0186","Pv18_627_A","1","Pv18-0627","6","04","2018","CommencementBay","Pv18-0627",2018-04-06,17627,12
"Pv18_628_A","C-H06","HarborSealScat_HS_5-6_SPID.0185-0186","Pv18_628_A","1","Pv18-0628","6","04","2018","CommencementBay","Pv18-0628",2018-04-06,17627,13
"Pv18_629_A","C-A07","HarborSealScat_HS_5-6_SPID.0185-0186","Pv18_629_A","1","Pv18-0629","6","04","2018","CommencementBay","Pv18-0629",2018-04-06,17627,14
"Pv18_630_A","C-B07","HarborSealScat_HS_5-6_SPID.0185-0186","Pv18_630_A","1","Pv18-0630","6","04","2018","CommencementBay","Pv18-0630",2018-04-06,17627,15
"Pv18_631_A","C-C07","HarborSealScat_HS_5-6_SPID.0185-0186","Pv18_631_A","1","Pv18-0631","6","04","2018","CommencementBay","Pv18-0631",2018-04-06,17627,16
"Pv18_632_A","C-D07","HarborSealScat_HS_5-6_SPID.0185-0186","Pv18_632_A","1","Pv18-0632","6","04","2018","CommencementBay","Pv18-0632",2018-04-06,17627,17
"Pv18_633_A","C-E07","HarborSealScat_HS_5-6_SPID.0185-0186","Pv18_633_A","1","Pv18-0633","6","04","2018","CommencementBay","Pv18-0633",2018-04-06,17627,18
"Pv18_634_A","C-F07","HarborSealScat_HS_5-6_SPID.0185-0186","Pv18_634_A","1","Pv18-0634","6","04","2018","CommencementBay","Pv18-0634",2018-04-06,17627,19
"Pv18_635_A","C-G07","HarborSealScat_HS_5-6_SPID.0185-0186","Pv18_635_A","1","Pv18-0635","6","04","2018","CommencementBay","Pv18-0635",2018-04-06,17627,20
"Pv18_636_A","C-H07","HarborSealScat_HS_5-6_SPID.0185-0186","Pv18_636_A","1","Pv18-0636","6","04","2018","CommencementBay","Pv18-0636",2018-04-06,17627,21
"Pv18_637_A","C-A08","HarborSealScat_HS_5-6_SPID.0185-0186","Pv18_637_A","1","Pv18-0637","6","04","2018","CommencementBay","Pv18-0637",2018-04-06,17627,22
"Pv18_638_A","C-B08","HarborSealScat_HS_5-6_SPID.0185-0186","Pv18_638_A","1","Pv18-0638","6","04","2018","CommencementBay","Pv18-0638",2018-04-06,17627,23
"Pv18_639_A","C-C08","HarborSealScat_HS_5-6_SPID.0185-0186","Pv18_639_A","1","Pv18-0639","6","04","2018","CommencementBay","Pv18-0639",2018-04-06,17627,24
"Pv18_640_A","C-D08","HarborSealScat_HS_5-6_SPID.0185-0186","Pv18_640_A","1","Pv18-0640","6","04","2018","CommencementBay","Pv18-0640",2018-04-06,17627,25
"Pv18_642_A","C-E08","HarborSealScat_HS_5-6_SPID.0185-0186","Pv18_642_A","1","Pv18-0642","6","04","2018","CommencementBay","Pv18-0642",2018-04-06,17627,26
"Pv18_643_A","C-F08","HarborSealScat_HS_5-6_SPID.0185-0186","Pv18_643_A","1","Pv18-0643","6","04","2018","CommencementBay","Pv18-0643",2018-04-06,17627,27
"Pv18_644_A","C-G08","HarborSealScat_HS_5-6_SPID.0185-0186","Pv18_644_A","1","Pv18-0644","6","04","2018","CommencementBay","Pv18-0644",2018-04-06,17627,28
"Pv18_645_A","C-H08","HarborSealScat_HS_5-6_SPID.0185-0186","Pv18_645_A","1","Pv18-0645","6","04","2018","CommencementBay","Pv18-0645",2018-04-06,17627,29
"Pv18_646_A","C-A09","HarborSealScat_HS_5-6_SPID.0185-0186","Pv18_646_A","1","Pv18-0646","6","04","2018","CommencementBay","Pv18-0646",2018-04-06,17627,30
"Pv18_647_A","C-B09","HarborSealScat_HS_5-6_SPID.0185-0186","Pv18_647_A","1","Pv18-0647","6","04","2018","CommencementBay","Pv18-0647",2018-04-06,17627,31
"Pv18_648_A","C-C09","HarborSealScat_HS_5-6_SPID.0185-0186","Pv18_648_A","1","Pv18-0648","6","04","2018","CommencementBay","Pv18-0648",2018-04-06,17627,32
"Pv18_649_A","C-D09","HarborSealScat_HS_5-6_SPID.0185-0186","Pv18_649_A","1","Pv18-0649","6","04","2018","CommencementBay","Pv18-0649",2018-04-06,17627,33
"Pv18_650_A","C-E09","HarborSealScat_HS_5-6_SPID.0185-0186","Pv18_650_A","1","Pv18-0650","6","04","2018","CommencementBay","Pv18-0650",2018-04-06,17627,34
"Pv18_651_A","C-F09","HarborSealScat_HS_5-6_SPID.0185-0186","Pv18_651_A","1","Pv18-0651","6","04","2018","CommencementBay","Pv18-0651",2018-04-06,17627,35
"Pv18_652_A","C-G09","HarborSealScat_HS_5-6_SPID.0185-0186","Pv18_652_A","1","Pv18-0652","6","04","2018","CommencementBay","Pv18-0652",2018-04-06,17627,36
"Pv18_653_A","C-H09","HarborSealScat_HS_5-6_SPID.0185-0186","Pv18_653_A","1","Pv18-0653","6","04","2018","CommencementBay","Pv18-0653",2018-04-06,17627,37
"Pv18_654_A","C-A10","HarborSealScat_HS_5-6_SPID.0185-0186","Pv18_654_A","1","Pv18-0654","6","04","2018","CommencementBay","Pv18-0654",2018-04-06,17627,38
"Pv18_655_A","C-B10","HarborSealScat_HS_5-6_SPID.0185-0186","Pv18_655_A","1","Pv18-0655","6","04","2018","CommencementBay","Pv18-0655",2018-04-06,17627,39
"Pv18_656_A","C-C10","HarborSealScat_HS_5-6_SPID.0185-0186","Pv18_656_A","1","Pv18-0656","6","04","2018","CommencementBay","Pv18-0656",2018-04-06,17627,40
"Pv18_657_A","C-D10","HarborSealScat_HS_5-6_SPID.0185-0186","Pv18_657_A","1","Pv18-0657","6","04","2018","CommencementBay","Pv18-0657",2018-04-06,17627,41
"Pv18_658_A","C-E10","HarborSealScat_HS_5-6_SPID.0185-0186","Pv18_658_A","1","Pv18-0658","6","04","2018","CommencementBay","Pv18-0658",2018-04-06,17627,42
"Pv18_659_A","C-F10","HarborSealScat_HS_5-6_SPID.0185-0186","Pv18_659_A","1","Pv18-0659","6","04","2018","CommencementBay","Pv18-0659",2018-04-06,17627,43
"Pv18_660_A","C-G10","HarborSealScat_HS_5-6_SPID.0185-0186","Pv18_660_A","1","Pv18-0660","6","04","2018","CommencementBay","Pv18-0660",2018-04-06,17627,44
"Pv18_661_A","C-H10","HarborSealScat_HS_5-6_SPID.0185-0186","Pv18_661_A","1","Pv18-0661","6","04","2018","CommencementBay","Pv18-0661",2018-04-06,17627,45
"Pv18_662_A","C-A11","HarborSealScat_HS_5-6_SPID.0185-0186","Pv18_662_A","1","Pv18-0662","6","04","2018","CommencementBay","Pv18-0662",2018-04-06,17627,46
"Pv18_663_A","C-B11","HarborSealScat_HS_5-6_SPID.0185-0186","Pv18_663_A","1","Pv18-0663","6","04","2018","CommencementBay","Pv18-0663",2018-04-06,17627,47
"Pv18_664_A","C-C11","HarborSealScat_HS_5-6_SPID.0185-0186","Pv18_664_A","1","Pv18-0664","6","04","2018","CommencementBay","Pv18-0664",2018-04-06,17627,48
"Pv18_665_A","C-D11","HarborSealScat_HS_5-6_SPID.0185-0186","Pv18_665_A","1","Pv18-0665","6","04","2018","CommencementBay","Pv18-0665",2018-04-06,17627,49
"Pv18_666_A","C-E11","HarborSealScat_HS_5-6_SPID.0185-0186","Pv18_666_A","1","Pv18-0666","6","04","2018","CommencementBay","Pv18-0666",2018-04-06,17627,50
"Pv18_667_A","C-F11","HarborSealScat_HS_5-6_SPID.0185-0186","Pv18_667_A","1","Pv18-0667","6","04","2018","CommencementBay","Pv18-0667",2018-04-06,17627,51
"Pv18_668A","C-G11","HarborSealScat_HS_5-6_SPID.0185-0186","Pv18_668A","1","Pv18-0668","6","04","2018","CommencementBay","Pv18-0668",2018-04-06,17627,52
"Pv18_669_A","C-H11","HarborSealScat_HS_5-6_SPID.0185-0186","Pv18_669_A","1","Pv18-0669","6","04","2018","CommencementBay","Pv18-0669",2018-04-06,17627,53
"Pv18_670_A","C-A12","HarborSealScat_HS_5-6_SPID.0185-0186","Pv18_670_A","1","Pv18-0670","6","04","2018","CommencementBay","Pv18-0670",2018-04-06,17627,54
"Pv18_671_A","C-B12","HarborSealScat_HS_5-6_SPID.0185-0186","Pv18_671_A","1","Pv18-0671","6","04","2018","CommencementBay","Pv18-0671",2018-04-06,17627,55
"Pv18_672_A","C-C12","HarborSealScat_HS_5-6_SPID.0185-0186","Pv18_672_A","1","Pv18-0672","6","04","2018","CommencementBay","Pv18-0672",2018-04-06,17627,56
"Pv18_673_A","C-D12","HarborSealScat_HS_5-6_SPID.0185-0186","Pv18_673_A","1","Pv18-0673","6","04","2018","CommencementBay","Pv18-0673",2018-04-06,17627,57
"Pv18_674_A_1","C-E12","HarborSealScat_HS_5-6_SPID.0185-0186","Pv18_674_A_1","1","Pv18-0674","6","04","2018","CommencementBay","Pv18-0674",2018-04-06,17627,58
"Pv18_674_A_2","C-F12","HarborSealScat_HS_5-6_SPID.0185-0186","Pv18_674_A_2","2","Pv18-0674","6","04","2018","CommencementBay","Pv18-0674",2018-04-06,17627,59
"Pv18_674_A_3","C-G12","HarborSealScat_HS_5-6_SPID.0185-0186","Pv18_674_A_3","3","Pv18-0674","6","04","2018","CommencementBay","Pv18-0674",2018-04-06,17627,60
"Kang_SPID-0185","C-H12","HarborSealScat_HS_5-6_SPID.0185-0186","Kang_SPID-0185","1","Kang_SPID-0185",NA,NA,NA,"ControlSample","Kang_SPID-0185",NA,NA,3
"Pv18_675_A","D-A01","HarborSealScat_HS_5-6_SPID.0185-0186","Pv18_675_A","1","Pv18-0675","6","04","2018","CommencementBay","Pv18-0675",2018-04-06,17627,61
"Pv18_676_A","D-B01","HarborSealScat_HS_5-6_SPID.0185-0186","Pv18_676_A","1","Pv18-0676","6","04","2018","CommencementBay","Pv18-0676",2018-04-06,17627,62
"Pv18_677_A","D-C01","HarborSealScat_HS_5-6_SPID.0185-0186","Pv18_677_A","1","Pv18-0677","6","04","2018","CommencementBay","Pv18-0677",2018-04-06,17627,63
"Pv18_678_A","D-D01","HarborSealScat_HS_5-6_SPID.0185-0186","Pv18_678_A","1","Pv18-0678","6","04","2018","CommencementBay","Pv18-0678",2018-04-06,17627,64
"Pv18_679_A","D-E01","HarborSealScat_HS_5-6_SPID.0185-0186","Pv18_679_A","1","Pv18-0679","6","04","2018","CommencementBay","Pv18-0679",2018-04-06,17627,65
"Pv18_680_A","D-F01","HarborSealScat_HS_5-6_SPID.0185-0186","Pv18_680_A","1","Pv18-0680","6","04","2018","CommencementBay","Pv18-0680",2018-04-06,17627,66
"Pv18_681_A","D-G01","HarborSealScat_HS_5-6_SPID.0185-0186","Pv18_681_A","1","Pv18-0681","6","04","2018","CommencementBay","Pv18-0681",2018-04-06,17627,67
"Pv18_682_A","D-H01","HarborSealScat_HS_5-6_SPID.0185-0186","Pv18_682_A","1","Pv18-0682","6","04","2018","CommencementBay","Pv18-0682",2018-04-06,17627,68
"Pv18_683_A","D-A02","HarborSealScat_HS_5-6_SPID.0185-0186","Pv18_683_A","1","Pv18-0683","6","04","2018","CommencementBay","Pv18-0683",2018-04-06,17627,69
"Pv18_684_A","D-B02","HarborSealScat_HS_5-6_SPID.0185-0186","Pv18_684_A","1","Pv18-0684","6","04","2018","CommencementBay","Pv18-0684",2018-04-06,17627,70
"Pv18_685_A","D-C02","HarborSealScat_HS_5-6_SPID.0185-0186","Pv18_685_A","1","Pv18-0685","6","04","2018","CommencementBay","Pv18-0685",2018-04-06,17627,71
"Pv18_686_A","D-D02","HarborSealScat_HS_5-6_SPID.0185-0186","Pv18_686_A","1","Pv18-0686","6","04","2018","CommencementBay","Pv18-0686",2018-04-06,17627,72
"Pv18_687_A","D-E02","HarborSealScat_HS_5-6_SPID.0185-0186","Pv18_687_A","1","Pv18-0687","6","04","2018","CommencementBay","Pv18-0687",2018-04-06,17627,73
"Pv18_688_A","D-F02","HarborSealScat_HS_5-6_SPID.0185-0186","Pv18_688_A","1","Pv18-0688","6","04","2018","CommencementBay","Pv18-0688",2018-04-06,17627,74
"Pv18_689_A","D-G02","HarborSealScat_HS_5-6_SPID.0185-0186","Pv18_689_A","1","Pv18-0689","6","04","2018","CommencementBay","Pv18-0689",2018-04-06,17627,75
"Pv18_690_A","D-H02","HarborSealScat_HS_5-6_SPID.0185-0186","Pv18_690_A","1","Pv18-0690","13","03","2018","CuttsIsland","Pv18-0690",2018-03-13,17603,1
"Pv18_691_A","D-A03","HarborSealScat_HS_5-6_SPID.0185-0186","Pv18_691_A","1","Pv18-0691","13","03","2018","CuttsIsland","Pv18-0691",2018-03-13,17603,2
"Pv18_692_A","D-B03","HarborSealScat_HS_5-6_SPID.0185-0186","Pv18_692_A","1","Pv18-0692","13","03","2018","WoodardBay","Pv18-0692",2018-03-13,17603,1
"Pv18_693_A","D-C03","HarborSealScat_HS_5-6_SPID.0185-0186","Pv18_693_A","1","Pv18-0693","13","03","2018","WoodardBay","Pv18-0693",2018-03-13,17603,2
"Pv18_694_A","D-D03","HarborSealScat_HS_5-6_SPID.0185-0186","Pv18_694_A","1","Pv18-0694","13","03","2018","WoodardBay","Pv18-0694",2018-03-13,17603,3
"Pv18_695_A","D-E03","HarborSealScat_HS_5-6_SPID.0185-0186","Pv18_695_A","1","Pv18-0695","13","03","2018","WoodardBay","Pv18-0695",2018-03-13,17603,4
"Pv18_696_A","D-F03","HarborSealScat_HS_5-6_SPID.0185-0186","Pv18_696_A","1","Pv18-0696","13","03","2018","WoodardBay","Pv18-0696",2018-03-13,17603,5
"Pv18_697_A","D-G03","HarborSealScat_HS_5-6_SPID.0185-0186","Pv18_697_A","1","Pv18-0697","13","03","2018","WoodardBay","Pv18-0697",2018-03-13,17603,6
"Pv18_698_A","D-H03","HarborSealScat_HS_5-6_SPID.0185-0186","Pv18_698_A","1","Pv18-0698","13","03","2018","EagleIsland","Pv18-0698",2018-03-13,17603,1
"Pv18_699_A","D-A04","HarborSealScat_HS_5-6_SPID.0185-0186","Pv18_699_A","1","Pv18-0699","13","03","2018","EagleIsland","Pv18-0699",2018-03-13,17603,2
"Pv18_700_A","D-B04","HarborSealScat_HS_5-6_SPID.0185-0186","Pv18_700_A","1","Pv18-0700","30","03","2018","EagleIsland","Pv18-0700",2018-03-30,17620,1
"Pv18_701_A","D-C04","HarborSealScat_HS_5-6_SPID.0185-0186","Pv18_701_A","1","Pv18-0701","30","03","2018","GertrudeIsland","Pv18-0701",2018-03-30,17620,1
"Pv18_702_A","D-D04","HarborSealScat_HS_5-6_SPID.0185-0186","Pv18_702_A","1","Pv18-0702","30","03","2018","GertrudeIsland","Pv18-0702",2018-03-30,17620,2
"Pv18_703_A","D-E04","HarborSealScat_HS_5-6_SPID.0185-0186","Pv18_703_A","1","Pv18-0703","30","03","2018","GertrudeIsland","Pv18-0703",2018-03-30,17620,3
"Pv18_704_A","D-F04","HarborSealScat_HS_5-6_SPID.0185-0186","Pv18_704_A","1","Pv18-0704","30","03","2018","GertrudeIsland","Pv18-0704",2018-03-30,17620,4
"Pv18_705_A","D-G04","HarborSealScat_HS_5-6_SPID.0185-0186","Pv18_705_A","1","Pv18-0705","30","03","2018","GertrudeIsland","Pv18-0705",2018-03-30,17620,5
"Pv18_706_A","D-H04","HarborSealScat_HS_5-6_SPID.0185-0186","Pv18_706_A","1","Pv18-0706","30","03","2018","CuttsIsland","Pv18-0706",2018-03-30,17620,1
"Pv18_707_A","D-A05","HarborSealScat_HS_5-6_SPID.0185-0186","Pv18_707_A","1","Pv18-0707","30","03","2018","CuttsIsland","Pv18-0707",2018-03-30,17620,2
"Pv18_708_A","D-B05","HarborSealScat_HS_5-6_SPID.0185-0186","Pv18_708_A","1","Pv18-0708","30","03","2018","CuttsIsland","Pv18-0708",2018-03-30,17620,3
"Pv18_709_A","D-C05","HarborSealScat_HS_5-6_SPID.0185-0186","Pv18_709_A","1","Pv18-0709","26","03","2018","GertrudeIsland","Pv18-0709",2018-03-26,17616,1
"Pv18_710_A","D-D05","HarborSealScat_HS_5-6_SPID.0185-0186","Pv18_710_A","1","Pv18-0710","26","03","2018","EagleIsland","Pv18-0710",2018-03-26,17616,1
"Pv18_711_A","D-E05","HarborSealScat_HS_5-6_SPID.0185-0186","Pv18_711_A","1","Pv18-0711","26","03","2018","EagleIsland","Pv18-0711",2018-03-26,17616,2
"Pv18_712_A","D-F05","HarborSealScat_HS_5-6_SPID.0185-0186","Pv18_712_A","1","Pv18-0712","26","03","2018","EagleIsland","Pv18-0712",2018-03-26,17616,3
"Pv18_713_A","D-G05","HarborSealScat_HS_5-6_SPID.0185-0186","Pv18_713_A","1","Pv18-0713","26","03","2018","EagleIsland","Pv18-0713",2018-03-26,17616,4
"Pv18_714_A","D-H05","HarborSealScat_HS_5-6_SPID.0185-0186","Pv18_714_A","1","Pv18-0714","26","03","2018","EagleIsland","Pv18-0714",2018-03-26,17616,5
"Pv18_715_A","D-A06","HarborSealScat_HS_5-6_SPID.0185-0186","Pv18_715_A","1","Pv18-0715","26","03","2018","EagleIsland","Pv18-0715",2018-03-26,17616,6
"Pv18_716_A","D-B06","HarborSealScat_HS_5-6_SPID.0185-0186","Pv18_716_A","1","Pv18-0716","26","03","2018","EagleIsland","Pv18-0716",2018-03-26,17616,7
"Pv18_717_A","D-C06","HarborSealScat_HS_5-6_SPID.0185-0186","Pv18_717_A","1","Pv18-0717","26","03","2018","EagleIsland","Pv18-0717",2018-03-26,17616,8
"Pv18_718_A","D-D06","HarborSealScat_HS_5-6_SPID.0185-0186","Pv18_718_A","1","Pv18-0718","26","03","2018","EagleIsland","Pv18-0718",2018-03-26,17616,9
"Pv18_719_A","D-E06","HarborSealScat_HS_5-6_SPID.0185-0186","Pv18_719_A","1","Pv18-0719","26","03","2018","EagleIsland","Pv18-0719",2018-03-26,17616,10
"Pv18_720_A","D-F06","HarborSealScat_HS_5-6_SPID.0185-0186","Pv18_720_A","1","Pv18-0720","19","03","2018","WoodardBay","Pv18-0720",2018-03-19,17609,1
"Pv18_721_A","D-G06","HarborSealScat_HS_5-6_SPID.0185-0186","Pv18_721_A","1","Pv18-0721","19","03","2018","WoodardBay","Pv18-0721",2018-03-19,17609,2
"Pv18_722_A","D-H06","HarborSealScat_HS_5-6_SPID.0185-0186","Pv18_722_A","1","Pv18-0722","19","03","2018","WoodardBay","Pv18-0722",2018-03-19,17609,3
"Pv18_723_A","D-A07","HarborSealScat_HS_5-6_SPID.0185-0186","Pv18_723_A","1","Pv18-0723","19","03","2018","WoodardBay","Pv18-0723",2018-03-19,17609,4
"Pv18_724_A","D-B07","HarborSealScat_HS_5-6_SPID.0185-0186","Pv18_724_A","1","Pv18-0724","19","03","2018","WoodardBay","Pv18-0724",2018-03-19,17609,5
"Pv18_725_A","D-C07","HarborSealScat_HS_5-6_SPID.0185-0186","Pv18_725_A","1","Pv18-0725","19","03","2018","WoodardBay","Pv18-0725",2018-03-19,17609,6
"Pv18_726_A","D-D07","HarborSealScat_HS_5-6_SPID.0185-0186","Pv18_726_A","1","Pv18-0726","19","03","2018","WoodardBay","Pv18-0726",2018-03-19,17609,7
"Pv18_727_A","D-E07","HarborSealScat_HS_5-6_SPID.0185-0186","Pv18_727_A","1","Pv18-0727","19","03","2018","WoodardBay","Pv18-0727",2018-03-19,17609,8
"Pv18_728_A","D-F07","HarborSealScat_HS_5-6_SPID.0185-0186","Pv18_728_A","1","Pv18-0728","19","03","2018","WoodardBay","Pv18-0728",2018-03-19,17609,9
"Pv18_729_A","D-G07","HarborSealScat_HS_5-6_SPID.0185-0186","Pv18_729_A","1","Pv18-0729","19","03","2018","WoodardBay","Pv18-0729",2018-03-19,17609,10
"Pv18_730_A","D-H07","HarborSealScat_HS_5-6_SPID.0185-0186","Pv18_730_A","1","Pv18-0730","19","03","2018","WoodardBay","Pv18-0730",2018-03-19,17609,11
"Pv18_731_A","D-A08","HarborSealScat_HS_5-6_SPID.0185-0186","Pv18_731_A","1","Pv18-0731","19","03","2018","WoodardBay","Pv18-0731",2018-03-19,17609,12
"Pv18_732_A","D-B08","HarborSealScat_HS_5-6_SPID.0185-0186","Pv18_732_A","1","Pv18-0732","19","03","2018","WoodardBay","Pv18-0732",2018-03-19,17609,13
"Pv18_733_A","D-C08","HarborSealScat_HS_5-6_SPID.0185-0186","Pv18_733_A","1","Pv18-0733","19","03","2018","CuttsIsland","Pv18-0733",2018-03-19,17609,1
"Pv18_734_A","D-D08","HarborSealScat_HS_5-6_SPID.0185-0186","Pv18_734_A","1","Pv18-0734","19","03","2018","CuttsIsland","Pv18-0734",2018-03-19,17609,2
"Pv18_735_A","D-E08","HarborSealScat_HS_5-6_SPID.0185-0186","Pv18_735_A","1","Pv18-0735","19","03","2018","CuttsIsland","Pv18-0735",2018-03-19,17609,3
"Pv18_736_A","D-F08","HarborSealScat_HS_5-6_SPID.0185-0186","Pv18_736_A","1","Pv18-0736","19","03","2018","CuttsIsland","Pv18-0736",2018-03-19,17609,4
"Pv18_737_A","D-G08","HarborSealScat_HS_5-6_SPID.0185-0186","Pv18_737_A","1","Pv18-0737","19","03","2018","CuttsIsland","Pv18-0737",2018-03-19,17609,5
"Pv18_738_A","D-H08","HarborSealScat_HS_5-6_SPID.0185-0186","Pv18_738_A","1","Pv18-0738","19","03","2018","CuttsIsland","Pv18-0738",2018-03-19,17609,6
"Pv18_739_A","D-A09","HarborSealScat_HS_5-6_SPID.0185-0186","Pv18_739_A","1","Pv18-0739","19","03","2018","CuttsIsland","Pv18-0739",2018-03-19,17609,7
"Pv18_740_A","D-B09","HarborSealScat_HS_5-6_SPID.0185-0186","Pv18_740_A","1","Pv18-0740","19","03","2018","EagleIsland","Pv18-0740",2018-03-19,17609,1
"Pv18_741_A","D-C09","HarborSealScat_HS_5-6_SPID.0185-0186","Pv18_741_A","1","Pv18-0741","19","03","2018","EagleIsland","Pv18-0741",2018-03-19,17609,2
"Pv18_742_A","D-D09","HarborSealScat_HS_5-6_SPID.0185-0186","Pv18_742_A","1","Pv18-0742","19","03","2018","EagleIsland","Pv18-0742",2018-03-19,17609,3
"Pv18_743_A","D-E09","HarborSealScat_HS_5-6_SPID.0185-0186","Pv18_743_A","1","Pv18-0743","19","03","2018","EagleIsland","Pv18-0743",2018-03-19,17609,4
"Pv18_744_A","D-F09","HarborSealScat_HS_5-6_SPID.0185-0186","Pv18_744_A","1","Pv18-0744","19","03","2018","EagleIsland","Pv18-0744",2018-03-19,17609,5
"Pv18_745_A","D-G09","HarborSealScat_HS_5-6_SPID.0185-0186","Pv18_745_A","1","Pv18-0745","19","03","2018","GertrudeIsland","Pv18-0745",2018-03-19,17609,1
"Pv18_746_A","D-H09","HarborSealScat_HS_5-6_SPID.0185-0186","Pv18_746_A","1","Pv18-0746","19","03","2018","GertrudeIsland","Pv18-0746",2018-03-19,17609,2
"Pv18_747_A","D-A10","HarborSealScat_HS_5-6_SPID.0185-0186","Pv18_747_A","1","Pv18-0747","19","03","2018","GertrudeIsland","Pv18-0747",2018-03-19,17609,3
"Pv18_748_A","D-B10","HarborSealScat_HS_5-6_SPID.0185-0186","Pv18_748_A","1","Pv18-0748","19","03","2018","GertrudeIsland","Pv18-0748",2018-03-19,17609,4
"Pv18_749_A","D-C10","HarborSealScat_HS_5-6_SPID.0185-0186","Pv18_749_A","1","Pv18-0749","19","03","2018","GertrudeIsland","Pv18-0749",2018-03-19,17609,5
"Pv18_750_A","D-D10","HarborSealScat_HS_5-6_SPID.0185-0186","Pv18_750_A","1","Pv18-0750","19","03","2018","GertrudeIsland","Pv18-0750",2018-03-19,17609,6
"Pv18_751_A","D-E10","HarborSealScat_HS_5-6_SPID.0185-0186","Pv18_751_A","1","Pv18-0751","19","03","2018","GertrudeIsland","Pv18-0751",2018-03-19,17609,7
"Pv18_752_A","D-F10","HarborSealScat_HS_5-6_SPID.0185-0186","Pv18_752_A","1","Pv18-0752","19","03","2018","GertrudeIsland","Pv18-0752",2018-03-19,17609,8
"Pv18_753_A","D-G10","HarborSealScat_HS_5-6_SPID.0185-0186","Pv18_753_A","1","Pv18-0753","19","03","2018","GertrudeIsland","Pv18-0753",2018-03-19,17609,9
"Pv18_754_A","D-H10","HarborSealScat_HS_5-6_SPID.0185-0186","Pv18_754_A","1","Pv18-0754","15","03","2018","CommencementBay","Pv18-0754",2018-03-15,17605,1
"Pv18_755_A","D-A11","HarborSealScat_HS_5-6_SPID.0185-0186","Pv18_755_A","1","Pv18-0755","15","03","2018","CommencementBay","Pv18-0755",2018-03-15,17605,2
"Pv18_756_A","D-B11","HarborSealScat_HS_5-6_SPID.0185-0186","Pv18_756_A","1","Pv18-0756","15","03","2018","CommencementBay","Pv18-0756",2018-03-15,17605,3
"Pv18_757_A","D-C11","HarborSealScat_HS_5-6_SPID.0185-0186","Pv18_757_A","1","Pv18-0757","15","03","2018","CommencementBay","Pv18-0757",2018-03-15,17605,4
"Pv18_758_A","D-D11","HarborSealScat_HS_5-6_SPID.0185-0186","Pv18_758_A","1","Pv18-0758","15","03","2018","CommencementBay","Pv18-0758",2018-03-15,17605,5
"Pv18_759_A","D-E11","HarborSealScat_HS_5-6_SPID.0185-0186","Pv18_759_A","1","Pv18-0759","15","03","2018","CommencementBay","Pv18-0759",2018-03-15,17605,6
"Pv18_760_A","D-F11","HarborSealScat_HS_5-6_SPID.0185-0186","Pv18_760_A","1","Pv18-0760","15","03","2018","CommencementBay","Pv18-0760",2018-03-15,17605,7
"Pv18_761_A","D-G11","HarborSealScat_HS_5-6_SPID.0185-0186","Pv18_761_A","1","Pv18-0761","15","03","2018","CommencementBay","Pv18-0761",2018-03-15,17605,8
"Pv18_762_A","D-H11","HarborSealScat_HS_5-6_SPID.0185-0186","Pv18_762_A","1","Pv18-0762","15","03","2018","CommencementBay","Pv18-0762",2018-03-15,17605,9
"Pv18_763_A","D-A12","HarborSealScat_HS_5-6_SPID.0185-0186","Pv18_763_A","1","Pv18-0763","15","03","2018","CommencementBay","Pv18-0763",2018-03-15,17605,10
"Pv18_764_A","D-B12","HarborSealScat_HS_5-6_SPID.0185-0186","Pv18_764_A","1","Pv18-0764","15","03","2018","CommencementBay","Pv18-0764",2018-03-15,17605,11
"Pv18_765_A","D-C12","HarborSealScat_HS_5-6_SPID.0185-0186","Pv18_765_A","1","Pv18-0765","15","03","2018","CommencementBay","Pv18-0765",2018-03-15,17605,12
"Pv18_766_A","D-D12","HarborSealScat_HS_5-6_SPID.0185-0186","Pv18_766_A","1","Pv18-0766","15","03","2018","CommencementBay","Pv18-0766",2018-03-15,17605,13
"Pv18_767_A_1","D-E12","HarborSealScat_HS_5-6_SPID.0185-0186","Pv18_767_A_1","1","Pv18-0767","15","03","2018","CommencementBay","Pv18-0767",2018-03-15,17605,14
"Pv18_767_A_2","D-F12","HarborSealScat_HS_5-6_SPID.0185-0186","Pv18_767_A_2","2","Pv18-0767","15","03","2018","CommencementBay","Pv18-0767",2018-03-15,17605,15
"Pv18_767_A_3","D-G12","HarborSealScat_HS_5-6_SPID.0185-0186","Pv18_767_A_3","3","Pv18-0767","15","03","2018","CommencementBay","Pv18-0767",2018-03-15,17605,16
"Kang_SPID-0186","D-H12","HarborSealScat_HS_5-6_SPID.0185-0186","Kang_SPID-0186","1","Kang_SPID-0186",NA,NA,NA,"ControlSample","Kang_SPID-0186",NA,NA,4
