SampleID,Date,Time,Diet,Seal_ID_1,Seal_ID_2,Scat_details,Tech_rep,PCR_ID
PvCF_D1_01,20240501,10:30,1,DaVinci,,Deck,1,PvCF_D1_01_TR1
PvCF_D1_01,20240501,10:30,1,DaVinci,,Deck,2,PvCF_D1_01_TR2
PvCF_D1_01,20240501,10:30,1,DaVinci,,Deck,3,PvCF_D1_01_TR3
PvCF_D1_02,20240501,12:30,1,DaVinci,Donnelly,Bottom_Pool,1,PvCF_D1_02_TR1
PvCF_D1_02,20240501,12:30,1,DaVinci,Donnelly,Bottom_Pool,2,PvCF_D1_02_TR2
PvCF_D1_02,20240501,12:30,1,DaVinci,Donnelly,Bottom_Pool,3,PvCF_D1_02_TR3
PvCF_D1_03,20240502,10:00,1,Donnelly,DaVinci,small slimy yellow,1,PvCF_D1_03_TR1
PvCF_D1_03,20240502,10:00,1,Donnelly,DaVinci,small slimy yellow,2,PvCF_D1_03_TR2
PvCF_D1_03,20240502,10:00,1,Donnelly,DaVinci,small slimy yellow,3,PvCF_D1_03_TR3
PvCF_D1_04,20240502,15:50,1,DaVinci,Donnelly,Deck,1,PvCF_D1_04_TR1
PvCF_D1_04,20240502,15:50,1,DaVinci,Donnelly,Deck,2,PvCF_D1_04_TR2
PvCF_D1_04,20240502,15:50,1,DaVinci,Donnelly,Deck,3,PvCF_D1_04_TR3
PvCF_D1_05,20240503,12:40,1,DaVinci,Donnelly,Pool,1,PvCF_D1_05_TR1
PvCF_D1_05,20240503,12:40,1,DaVinci,Donnelly,Pool,2,PvCF_D1_05_TR2
PvCF_D1_05,20240503,12:40,1,DaVinci,Donnelly,Pool,3,PvCF_D1_05_TR3
PvCF_D1_06,20240503,15:03,1,DaVinci,Donnelly,Pool,1,PvCF_D1_06_TR1
PvCF_D1_06,20240503,15:03,1,DaVinci,Donnelly,Pool,2,PvCF_D1_06_TR2
PvCF_D1_06,20240503,15:03,1,DaVinci,Donnelly,Pool,3,PvCF_D1_06_TR3
PvCF_D1_07,20240504,9:27,1,DaVinci,Donnelly,Pool,1,PvCF_D1_07_TR1
PvCF_D1_07,20240504,9:27,1,DaVinci,Donnelly,Pool,2,PvCF_D1_07_TR2
PvCF_D1_07,20240504,9:27,1,DaVinci,Donnelly,Pool,3,PvCF_D1_07_TR3
PvCF_D1_08,20240504,17:00,1,DaVinci,Donnelly,Pool,1,PvCF_D1_08_TR1
PvCF_D1_08,20240504,17:00,1,DaVinci,Donnelly,Pool,2,PvCF_D1_08_TR2
PvCF_D1_08,20240504,17:00,1,DaVinci,Donnelly,Pool,3,PvCF_D1_08_TR3
PvCF_D1_09,20240506,9:00,1,DaVinci,Donnelly,Deck,1,PvCF_D1_09_TR1
PvCF_D1_09,20240506,9:00,1,DaVinci,Donnelly,Deck,2,PvCF_D1_09_TR2
PvCF_D1_09,20240506,9:00,1,DaVinci,Donnelly,Deck,3,PvCF_D1_09_TR3
PvCF_D1_10,20240507,9:50,1,DaVinci,Donnelly,Pool,1,PvCF_D1_10_TR1
PvCF_D1_10,20240507,9:50,1,DaVinci,Donnelly,Pool,2,PvCF_D1_10_TR2
PvCF_D1_10,20240507,9:50,1,DaVinci,Donnelly,Pool,3,PvCF_D1_10_TR3
PvCF_D1_11,20240507,12:03,1,DaVinci,Donnelly,Pool,1,PvCF_D1_11_TR1
PvCF_D1_11,20240507,12:03,1,DaVinci,Donnelly,Pool,2,PvCF_D1_11_TR2
PvCF_D1_11,20240507,12:03,1,DaVinci,Donnelly,Pool,3,PvCF_D1_11_TR3
PvCF_D1_12,20240508,9:07,1,DaVinci,Donnelly,Deck,1,PvCF_D1_12_TR1
PvCF_D1_12,20240508,9:07,1,DaVinci,Donnelly,Deck,2,PvCF_D1_12_TR2
PvCF_D1_12,20240508,9:07,1,DaVinci,Donnelly,Deck,3,PvCF_D1_12_TR3
PvCF_D1_13,20240508,9:54,1,DaVinci,Donnelly,Pool,1,PvCF_D1_13_TR1
PvCF_D1_13,20240508,9:54,1,DaVinci,Donnelly,Pool,2,PvCF_D1_13_TR2
PvCF_D1_13,20240508,9:54,1,DaVinci,Donnelly,Pool,3,PvCF_D1_13_TR3
PvCF_D1_14,20240508,15:46,1,DaVinci,Donnelly,Pool,1,PvCF_D1_14_TR1
PvCF_D1_14,20240508,15:46,1,DaVinci,Donnelly,Pool,2,PvCF_D1_14_TR2
PvCF_D1_14,20240508,15:46,1,DaVinci,Donnelly,Pool,3,PvCF_D1_14_TR3
PvCF_D1_15,20240508,14:22,1,DaVinci,Donnelly,Pool,1,PvCF_D1_15_TR1
PvCF_D1_15,20240508,14:22,1,DaVinci,Donnelly,Pool,2,PvCF_D1_15_TR2
PvCF_D1_15,20240508,14:22,1,DaVinci,Donnelly,Pool,3,PvCF_D1_15_TR3
PvCF_D2_01,20240831,7:54,2,DaVinci,Pym,Pool,1,PvCF_D2_01_TR1
PvCF_D2_01,20240831,7:54,2,DaVinci,Pym,Pool,2,PvCF_D2_01_TR2
PvCF_D2_01,20240831,7:54,2,DaVinci,Pym,Pool,3,PvCF_D2_01_TR3
PvCF_D2_02,20240831,12:30,2,DaVinci,Pym,Pool,1,PvCF_D2_02_TR1
PvCF_D2_02,20240831,12:30,2,DaVinci,Pym,Pool,2,PvCF_D2_02_TR2
PvCF_D2_02,20240831,12:30,2,DaVinci,Pym,Pool,3,PvCF_D2_02_TR3
PvCF_D2_03,20240901,12:15,2,DaVinci,Pym,Pool,1,PvCF_D2_03_TR1
PvCF_D2_03,20240901,12:15,2,DaVinci,Pym,Pool,2,PvCF_D2_03_TR2
PvCF_D2_03,20240901,12:15,2,DaVinci,Pym,Pool,3,PvCF_D2_03_TR3
PvCF_D2_04,20240901,12:30,2,DaVinci,Pym,Pool,1,PvCF_D2_04_TR1
PvCF_D2_04,20240901,12:30,2,DaVinci,Pym,Pool,2,PvCF_D2_04_TR2
PvCF_D2_04,20240901,12:30,2,DaVinci,Pym,Pool,3,PvCF_D2_04_TR3
PvCF_D2_05,20240902,10:00,2,DaVinci,Pym,Pool,1,PvCF_D2_05_TR1
PvCF_D2_05,20240902,10:00,2,DaVinci,Pym,Pool,2,PvCF_D2_05_TR2
PvCF_D2_05,20240902,10:00,2,DaVinci,Pym,Pool,3,PvCF_D2_05_TR3
PvCF_D2_06,20240903,12:59,2,DaVinci,Pym,Pool,1,PvCF_D2_06_TR1
PvCF_D2_06,20240903,12:59,2,DaVinci,Pym,Pool,2,PvCF_D2_06_TR2
PvCF_D2_06,20240903,12:59,2,DaVinci,Pym,Pool,3,PvCF_D2_06_TR3
PvCF_D2_07,20240904,10:08,2,DaVinci,Pym,Pool,1,PvCF_D2_07_TR1
PvCF_D2_07,20240904,10:08,2,DaVinci,Pym,Pool,2,PvCF_D2_07_TR2
PvCF_D2_07,20240904,10:08,2,DaVinci,Pym,Pool,3,PvCF_D2_07_TR3
PvCF_D2_08,20240905,14:10,2,DaVinci,Pym,Pool,1,PvCF_D2_08_TR1
PvCF_D2_08,20240905,14:10,2,DaVinci,Pym,Pool,2,PvCF_D2_08_TR2
PvCF_D2_08,20240905,14:10,2,DaVinci,Pym,Pool,3,PvCF_D2_08_TR3
PvCF_D2_09,20240905,14:10,2,DaVinci,Pym,Pool,1,PvCF_D2_09_TR1
PvCF_D2_09,20240905,14:10,2,DaVinci,Pym,Pool,2,PvCF_D2_09_TR2
PvCF_D2_09,20240905,14:10,2,DaVinci,Pym,Pool,3,PvCF_D2_09_TR3
PvCF_D2_10,20240906,10:51,2,DaVinci,Pym,Pool,1,PvCF_D2_10_TR1
PvCF_D2_10,20240906,10:51,2,DaVinci,Pym,Pool,2,PvCF_D2_10_TR2
PvCF_D2_10,20240906,10:51,2,DaVinci,Pym,Pool,3,PvCF_D2_10_TR3
PvCF_D2_11,20240906,13:23,2,DaVinci,Pym,Pool,1,PvCF_D2_11_TR1
PvCF_D2_11,20240906,13:23,2,DaVinci,Pym,Pool,2,PvCF_D2_11_TR2
PvCF_D2_11,20240906,13:23,2,DaVinci,Pym,Pool,3,PvCF_D2_11_TR3
PvCF_D3_01,20241008,12:15,3,DaVinci,Pym,Pool,1,PvCF_D3_01_TR1
PvCF_D3_01,20241008,12:15,3,DaVinci,Pym,Pool,2,PvCF_D3_01_TR2
PvCF_D3_01,20241008,12:15,3,DaVinci,Pym,Pool,3,PvCF_D3_01_TR3
PvCF_D3_02,20241009,10:00,3,DaVinci,Pym,Pool,1,PvCF_D3_02_TR1
PvCF_D3_02,20241009,10:00,3,DaVinci,Pym,Pool,2,PvCF_D3_02_TR2
PvCF_D3_02,20241009,10:00,3,DaVinci,Pym,Pool,3,PvCF_D3_02_TR3
PvCF_D3_03,20241009,12:30,3,DaVinci,Pym,Pool,1,PvCF_D3_03_TR1
PvCF_D3_03,20241009,12:30,3,DaVinci,Pym,Pool,2,PvCF_D3_03_TR2
PvCF_D3_03,20241009,12:30,3,DaVinci,Pym,Pool,3,PvCF_D3_03_TR3
PvCF_D3_04,20241010,10:03,3,DaVinci,Pym,Pool,1,PvCF_D3_04_TR1
PvCF_D3_04,20241010,10:03,3,DaVinci,Pym,Pool,2,PvCF_D3_04_TR2
PvCF_D3_04,20241010,10:03,3,DaVinci,Pym,Pool,3,PvCF_D3_04_TR3
PvCF_D3_05,20241010,10:05,3,DaVinci,Pym,Pool,1,PvCF_D3_05_TR1
PvCF_D3_05,20241010,10:05,3,DaVinci,Pym,Pool,2,PvCF_D3_05_TR2
PvCF_D3_05,20241010,10:05,3,DaVinci,Pym,Pool,3,PvCF_D3_05_TR3
PvCF_D3_06,20241011,9:45,3,DaVinci,Pym,Pool,1,PvCF_D3_06_TR1
PvCF_D3_06,20241011,9:45,3,DaVinci,Pym,Pool,2,PvCF_D3_06_TR2
PvCF_D3_06,20241011,9:45,3,DaVinci,Pym,Pool,3,PvCF_D3_06_TR3
PvCF_D3_07,20241011,10:00,3,DaVinci,Pym,Pool,1,PvCF_D3_07_TR1
PvCF_D3_07,20241011,10:00,3,DaVinci,Pym,Pool,2,PvCF_D3_07_TR2
PvCF_D3_07,20241011,10:00,3,DaVinci,Pym,Pool,3,PvCF_D3_07_TR3
PvCF_D3_08,20241012,11:00,3,DaVinci,Pym,Pool,1,PvCF_D3_08_TR1
PvCF_D3_08,20241012,11:00,3,DaVinci,Pym,Pool,2,PvCF_D3_08_TR2
PvCF_D3_08,20241012,11:00,3,DaVinci,Pym,Pool,3,PvCF_D3_08_TR3
PvCF_D3_09,20241012,11:30,3,DaVinci,Pym,Pool,1,PvCF_D3_09_TR1
PvCF_D3_09,20241012,11:30,3,DaVinci,Pym,Pool,2,PvCF_D3_09_TR2
PvCF_D3_09,20241012,11:30,3,DaVinci,Pym,Pool,3,PvCF_D3_09_TR3
PvCF_D3_10,20241013,11:30,3,DaVinci,Pym,Pool,1,PvCF_D3_10_TR1
PvCF_D3_10,20241013,11:30,3,DaVinci,Pym,Pool,2,PvCF_D3_10_TR2
PvCF_D3_10,20241013,11:30,3,DaVinci,Pym,Pool,3,PvCF_D3_10_TR3
PvCF_D3_11,20241013,11:30,3,DaVinci,Pym,Pool,1,PvCF_D3_11_TR1
PvCF_D3_11,20241013,11:30,3,DaVinci,Pym,Pool,2,PvCF_D3_11_TR2
PvCF_D3_11,20241013,11:30,3,DaVinci,Pym,Pool,3,PvCF_D3_11_TR3
PvCF_D3_12,20241013,11:30,3,DaVinci,Pym,Pool,1,PvCF_D3_12_TR1
PvCF_D3_12,20241013,11:30,3,DaVinci,Pym,Pool,2,PvCF_D3_12_TR2
PvCF_D3_12,20241013,11:30,3,DaVinci,Pym,Pool,3,PvCF_D3_12_TR3
PvCF_D3_13,20241013,11:35,3,DaVinci,Pym,Pool,1,PvCF_D3_13_TR1
PvCF_D3_13,20241013,11:35,3,DaVinci,Pym,Pool,2,PvCF_D3_13_TR2
PvCF_D3_13,20241013,11:35,3,DaVinci,Pym,Pool,3,PvCF_D3_13_TR3
PvCF_D3_14,20241014,10:00,3,DaVinci,Pym,Pool,1,PvCF_D3_14_TR1
PvCF_D3_14,20241014,10:00,3,DaVinci,Pym,Pool,2,PvCF_D3_14_TR2
PvCF_D3_14,20241014,10:00,3,DaVinci,Pym,Pool,3,PvCF_D3_14_TR3
PvCF_D3_15,20241015,9:26,3,DaVinci,Pym,Pool,1,PvCF_D3_15_TR1
PvCF_D3_15,20241015,9:26,3,DaVinci,Pym,Pool,2,PvCF_D3_15_TR2
PvCF_D3_15,20241015,9:26,3,DaVinci,Pym,Pool,3,PvCF_D3_15_TR3
PvCF_D4_01,20241028,12:45,4,DaVinci,Pym,Pool,1,PvCF_D4_01_TR1
PvCF_D4_01,20241028,12:45,4,DaVinci,Pym,Pool,2,PvCF_D4_01_TR2
PvCF_D4_01,20241028,12:45,4,DaVinci,Pym,Pool,3,PvCF_D4_01_TR3
PvCF_D4_02,20241029,10:05,4,DaVinci,Pym,Pool,1,PvCF_D4_02_TR1
PvCF_D4_02,20241029,10:05,4,DaVinci,Pym,Pool,2,PvCF_D4_02_TR2
PvCF_D4_02,20241029,10:05,4,DaVinci,Pym,Pool,3,PvCF_D4_02_TR3
PvCF_D4_03,20241029,14:12,4,DaVinci,Pym,Pool,1,PvCF_D4_03_TR1
PvCF_D4_03,20241029,14:12,4,DaVinci,Pym,Pool,2,PvCF_D4_03_TR2
PvCF_D4_03,20241029,14:12,4,DaVinci,Pym,Pool,3,PvCF_D4_03_TR3
PvCF_D4_04,20241030,9:00,4,DaVinci,Pym,Pool,1,PvCF_D4_04_TR1
PvCF_D4_04,20241030,9:00,4,DaVinci,Pym,Pool,2,PvCF_D4_04_TR2
PvCF_D4_04,20241030,9:00,4,DaVinci,Pym,Pool,3,PvCF_D4_04_TR3
PvCF_D4_05,20241030,9:00,4,DaVinci,Pym,Pool,1,PvCF_D4_05_TR1
PvCF_D4_05,20241030,9:00,4,DaVinci,Pym,Pool,2,PvCF_D4_05_TR2
PvCF_D4_05,20241030,9:00,4,DaVinci,Pym,Pool,3,PvCF_D4_05_TR3
PvCF_D4_06,20241031,9:30,4,DaVinci,Pym,Pool,1,PvCF_D4_06_TR1
PvCF_D4_06,20241031,9:30,4,DaVinci,Pym,Pool,2,PvCF_D4_06_TR2
PvCF_D4_06,20241031,9:30,4,DaVinci,Pym,Pool,3,PvCF_D4_06_TR3
PvCF_D4_07,20241031,9:30,4,DaVinci,Pym,Pool,1,PvCF_D4_07_TR1
PvCF_D4_07,20241031,9:30,4,DaVinci,Pym,Pool,2,PvCF_D4_07_TR2
PvCF_D4_07,20241031,9:30,4,DaVinci,Pym,Pool,3,PvCF_D4_07_TR3
PvCF_D4_08,20241101,14:00,4,DaVinci,Pym,Pool,1,PvCF_D4_08_TR1
PvCF_D4_08,20241101,14:00,4,DaVinci,Pym,Pool,2,PvCF_D4_08_TR2
PvCF_D4_08,20241101,14:00,4,DaVinci,Pym,Pool,3,PvCF_D4_08_TR3
PvCF_D4_09,20241101,14:00,4,DaVinci,Pym,Pool,1,PvCF_D4_09_TR1
PvCF_D4_09,20241101,14:00,4,DaVinci,Pym,Pool,2,PvCF_D4_09_TR2
PvCF_D4_09,20241101,14:00,4,DaVinci,Pym,Pool,3,PvCF_D4_09_TR3
PvCF_D4_10,20241102,11:00,4,DaVinci,Pym,Pool,1,PvCF_D4_10_TR1
PvCF_D4_10,20241102,11:00,4,DaVinci,Pym,Pool,2,PvCF_D4_10_TR2
PvCF_D4_10,20241102,11:00,4,DaVinci,Pym,Pool,3,PvCF_D4_10_TR3
PvCF_D4_11,20241102,11:00,4,DaVinci,Pym,Pool,1,PvCF_D4_11_TR1
PvCF_D4_11,20241102,11:00,4,DaVinci,Pym,Pool,2,PvCF_D4_11_TR2
PvCF_D4_11,20241102,11:00,4,DaVinci,Pym,Pool,3,PvCF_D4_11_TR3
PvCF_D4_12,20241103,8:45,4,DaVinci,Pym,Pool,1,PvCF_D4_12_TR1
PvCF_D4_12,20241103,8:45,4,DaVinci,Pym,Pool,2,PvCF_D4_12_TR2
PvCF_D4_12,20241103,8:45,4,DaVinci,Pym,Pool,3,PvCF_D4_12_TR3
PvCF_D4_13,20241103,8:45,4,DaVinci,Pym,Pool,1,PvCF_D4_13_TR1
PvCF_D4_13,20241103,8:45,4,DaVinci,Pym,Pool,2,PvCF_D4_13_TR2
PvCF_D4_13,20241103,8:45,4,DaVinci,Pym,Pool,3,PvCF_D4_13_TR3
PvCF_D5_01,20241126,12:10,5,Jessica,Pym,Deck,1,PvCF_D5_01_TR1
PvCF_D5_01,20241126,12:10,5,Jessica,Pym,Deck,2,PvCF_D5_01_TR2
PvCF_D5_01,20241126,12:10,5,Jessica,Pym,Deck,3,PvCF_D5_01_TR3
PvCF_D5_02,20241127,9:55,5,Jessica,Pym,Deck,1,PvCF_D5_02_TR1
PvCF_D5_02,20241127,9:55,5,Jessica,Pym,Deck,2,PvCF_D5_02_TR2
PvCF_D5_02,20241127,9:55,5,Jessica,Pym,Deck,3,PvCF_D5_02_TR3
PvCF_D5_03,20241127,12:15,5,Jessica,Pym,Pool,1,PvCF_D5_03_TR1
PvCF_D5_03,20241127,12:15,5,Jessica,Pym,Pool,2,PvCF_D5_03_TR2
PvCF_D5_03,20241127,12:15,5,Jessica,Pym,Pool,3,PvCF_D5_03_TR3
PvCF_D5_04,20241127,14:00,5,Jessica,Pym,Deck,1,PvCF_D5_04_TR1
PvCF_D5_04,20241127,14:00,5,Jessica,Pym,Deck,2,PvCF_D5_04_TR2
PvCF_D5_04,20241127,14:00,5,Jessica,Pym,Deck,3,PvCF_D5_04_TR3
PvCF_D5_05,20241128,9:15,5,Jessica,Pym,Deck,1,PvCF_D5_05_TR1
PvCF_D5_05,20241128,9:15,5,Jessica,Pym,Deck,2,PvCF_D5_05_TR2
PvCF_D5_05,20241128,9:15,5,Jessica,Pym,Deck,3,PvCF_D5_05_TR3
PvCF_D5_06,20241128,12:00,5,Jessica,Pym,Pool,1,PvCF_D5_06_TR1
PvCF_D5_06,20241128,12:00,5,Jessica,Pym,Pool,2,PvCF_D5_06_TR2
PvCF_D5_06,20241128,12:00,5,Jessica,Pym,Pool,3,PvCF_D5_06_TR3
PvCF_D5_07,20241128,14:00,5,Jessica,Pym,Deck,1,PvCF_D5_07_TR1
PvCF_D5_07,20241128,14:00,5,Jessica,Pym,Deck,2,PvCF_D5_07_TR2
PvCF_D5_07,20241128,14:00,5,Jessica,Pym,Deck,3,PvCF_D5_07_TR3
PvCF_D5_08,20241129,8:42,5,Jessica,Pym,Deck,1,PvCF_D5_08_TR1
PvCF_D5_08,20241129,8:42,5,Jessica,Pym,Deck,2,PvCF_D5_08_TR2
PvCF_D5_08,20241129,8:42,5,Jessica,Pym,Deck,3,PvCF_D5_08_TR3
PvCF_D5_09,20241129,9:20,5,Jessica,Pym,Deck,1,PvCF_D5_09_TR1
PvCF_D5_09,20241129,9:20,5,Jessica,Pym,Deck,2,PvCF_D5_09_TR2
PvCF_D5_09,20241129,9:20,5,Jessica,Pym,Deck,3,PvCF_D5_09_TR3
PvCF_D5_10,20241130,12:00,5,Jessica,Pym,Pool,1,PvCF_D5_10_TR1
PvCF_D5_10,20241130,12:00,5,Jessica,Pym,Pool,2,PvCF_D5_10_TR2
PvCF_D5_10,20241130,12:00,5,Jessica,Pym,Pool,3,PvCF_D5_10_TR3
PvCF_D5_11,20241130,13:29,5,Jessica,Pym,Deck,1,PvCF_D5_11_TR1
PvCF_D5_11,20241130,13:29,5,Jessica,Pym,Deck,2,PvCF_D5_11_TR2
PvCF_D5_11,20241130,13:29,5,Jessica,Pym,Deck,3,PvCF_D5_11_TR3
PvCF_D5_12,20241201,10:00,5,Jessica,Pym,Deck,1,PvCF_D5_12_TR1
PvCF_D5_12,20241201,10:00,5,Jessica,Pym,Deck,2,PvCF_D5_12_TR2
PvCF_D5_12,20241201,10:00,5,Jessica,Pym,Deck,3,PvCF_D5_12_TR3
PvCF_D5_13,20241201,12:15,5,Jessica,Pym,Pool,1,PvCF_D5_13_TR1
PvCF_D5_13,20241201,12:15,5,Jessica,Pym,Pool,2,PvCF_D5_13_TR2
PvCF_D5_13,20241201,12:15,5,Jessica,Pym,Pool,3,PvCF_D5_13_TR3
PvCF_D5_14,20241202,8:30,5,Jessica,Pym,Deck,1,PvCF_D5_14_TR1
PvCF_D5_14,20241202,8:30,5,Jessica,Pym,Deck,2,PvCF_D5_14_TR2
PvCF_D5_14,20241202,8:30,5,Jessica,Pym,Deck,3,PvCF_D5_14_TR3
PvCF_D5_15,20241202,9:30,5,Jessica,Pym,Pool,1,PvCF_D5_15_TR1
PvCF_D5_15,20241202,9:30,5,Jessica,Pym,Pool,2,PvCF_D5_15_TR2
PvCF_D5_15,20241202,9:30,5,Jessica,Pym,Pool,3,PvCF_D5_15_TR3
PvCF_D5_16,20241202,9:30,5,Jessica,Pym,Pool,1,PvCF_D5_16_TR1
PvCF_D5_16,20241202,9:30,5,Jessica,Pym,Pool,2,PvCF_D5_16_TR2
PvCF_D5_16,20241202,9:30,5,Jessica,Pym,Pool,3,PvCF_D5_16_TR3
PvCF_D6_01,20241210,10:58,6,Jessica,Pym,Pool,1,PvCF_D6_01_TR1
PvCF_D6_01,20241210,10:58,6,Jessica,Pym,Pool,2,PvCF_D6_01_TR2
PvCF_D6_01,20241210,10:58,6,Jessica,Pym,Pool,3,PvCF_D6_01_TR3
PvCF_D6_02,20241210,13:13,6,Jessica,Pym,Pool,1,PvCF_D6_02_TR1
PvCF_D6_02,20241210,13:13,6,Jessica,Pym,Pool,2,PvCF_D6_02_TR2
PvCF_D6_02,20241210,13:13,6,Jessica,Pym,Pool,3,PvCF_D6_02_TR3
PvCF_D6_03,20241211,9:57,6,Jessica,Pym,Deck,1,PvCF_D6_03_TR1
PvCF_D6_03,20241211,9:57,6,Jessica,Pym,Deck,2,PvCF_D6_03_TR2
PvCF_D6_03,20241211,9:57,6,Jessica,Pym,Deck,3,PvCF_D6_03_TR3
PvCF_D6_04,20241211,13:10,6,Jessica,Pym,Pool,1,PvCF_D6_04_TR1
PvCF_D6_04,20241211,13:10,6,Jessica,Pym,Pool,2,PvCF_D6_04_TR2
PvCF_D6_04,20241211,13:10,6,Jessica,Pym,Pool,3,PvCF_D6_04_TR3
PvCF_D6_05,20241211,14:09,6,Jessica,Pym,Deck,1,PvCF_D6_05_TR1
PvCF_D6_05,20241211,14:09,6,Jessica,Pym,Deck,2,PvCF_D6_05_TR2
PvCF_D6_05,20241211,14:09,6,Jessica,Pym,Deck,3,PvCF_D6_05_TR3
PvCF_D6_06,20241212,13:00,6,Jessica,Pym,Pool,1,PvCF_D6_06_TR1
PvCF_D6_06,20241212,13:00,6,Jessica,Pym,Pool,2,PvCF_D6_06_TR2
PvCF_D6_06,20241212,13:00,6,Jessica,Pym,Pool,3,PvCF_D6_06_TR3
PvCF_D6_07,20241212,13:00,6,Jessica,Pym,Pool,1,PvCF_D6_07_TR1
PvCF_D6_07,20241212,13:00,6,Jessica,Pym,Pool,2,PvCF_D6_07_TR2
PvCF_D6_07,20241212,13:00,6,Jessica,Pym,Pool,3,PvCF_D6_07_TR3
PvCF_D6_08,20241213,9:34,6,Jessica,Pym,Deck,1,PvCF_D6_08_TR1
PvCF_D6_08,20241213,9:34,6,Jessica,Pym,Deck,2,PvCF_D6_08_TR2
PvCF_D6_08,20241213,9:34,6,Jessica,Pym,Deck,3,PvCF_D6_08_TR3
PvCF_D6_09,20241213,14:17,6,Jessica,Pym,Pool,1,PvCF_D6_09_TR1
PvCF_D6_09,20241213,14:17,6,Jessica,Pym,Pool,2,PvCF_D6_09_TR2
PvCF_D6_09,20241213,14:17,6,Jessica,Pym,Pool,3,PvCF_D6_09_TR3
PvCF_D6_10,20241214,9:07,6,Jessica,Pym,Deck,1,PvCF_D6_10_TR1
PvCF_D6_10,20241214,9:07,6,Jessica,Pym,Deck,2,PvCF_D6_10_TR2
PvCF_D6_10,20241214,9:07,6,Jessica,Pym,Deck,3,PvCF_D6_10_TR3
PvCF_D6_11,20241214,14:15,6,Jessica,,Deck,1,PvCF_D6_11_TR1
PvCF_D6_11,20241214,14:15,6,Jessica,,Deck,2,PvCF_D6_11_TR2
PvCF_D6_11,20241214,14:15,6,Jessica,,Deck,3,PvCF_D6_11_TR3
PvCF_D6_12,20241214,11:03,6,Jessica,Pym,Floating_dock,1,PvCF_D6_12_TR1
PvCF_D6_12,20241214,11:03,6,Jessica,Pym,Floating_dock,2,PvCF_D6_12_TR2
PvCF_D6_12,20241214,11:03,6,Jessica,Pym,Floating_dock,3,PvCF_D6_12_TR3
PvCF_D6_13,20241214,14:00,6,Jessica,Pym,Floating_dock,1,PvCF_D6_13_TR1
PvCF_D6_13,20241214,14:00,6,Jessica,Pym,Floating_dock,2,PvCF_D6_13_TR2
PvCF_D6_13,20241214,14:00,6,Jessica,Pym,Floating_dock,3,PvCF_D6_13_TR3
PvCF_D6_14,20241215,11:30,6,Jessica,Pym,Floating_dock,1,PvCF_D6_14_TR1
PvCF_D6_14,20241215,11:30,6,Jessica,Pym,Floating_dock,2,PvCF_D6_14_TR2
PvCF_D6_14,20241215,11:30,6,Jessica,Pym,Floating_dock,3,PvCF_D6_14_TR3
PvCF_D6_15,20241215,11:30,6,Jessica,Pym,Pool,1,PvCF_D6_15_TR1
PvCF_D6_15,20241215,11:30,6,Jessica,Pym,Pool,2,PvCF_D6_15_TR2
PvCF_D6_15,20241215,11:30,6,Jessica,Pym,Pool,3,PvCF_D6_15_TR3
PvCF_D6_16,20241215,11:30,6,Jessica,Pym,Pool,1,PvCF_D6_16_TR1
PvCF_D6_16,20241215,11:30,6,Jessica,Pym,Pool,2,PvCF_D6_16_TR2
PvCF_D6_16,20241215,11:30,6,Jessica,Pym,Pool,3,PvCF_D6_16_TR3
PvCF_D6_17,20241215,13:30,6,Jessica,Pym,Floating_dock,1,PvCF_D6_17_TR1
PvCF_D6_17,20241215,13:30,6,Jessica,Pym,Floating_dock,2,PvCF_D6_17_TR2
PvCF_D6_17,20241215,13:30,6,Jessica,Pym,Floating_dock,3,PvCF_D6_17_TR3
PvCF_D6_18,20241216,9:24,6,Jessica,Pym,Floating_dock,1,PvCF_D6_18_TR1
PvCF_D6_18,20241216,9:24,6,Jessica,Pym,Floating_dock,2,PvCF_D6_18_TR2
PvCF_D6_18,20241216,9:24,6,Jessica,Pym,Floating_dock,3,PvCF_D6_18_TR3
PvCF_D6_19,20241216,13:30,6,Jessica,Pym,Floating_dock,1,PvCF_D6_19_TR1
PvCF_D6_19,20241216,13:30,6,Jessica,Pym,Floating_dock,2,PvCF_D6_19_TR2
PvCF_D6_19,20241216,13:30,6,Jessica,Pym,Floating_dock,3,PvCF_D6_19_TR3
