samplename,Target_species,Date,Target_sampleID,PacHer_sampleID,Target_initial_mass,PacHer_initial_mass,Mixture_final_mass,After_mix_mass,Lost_mass,Overall_comments,Box_tiss_mix,Subsampled_mix,Box_subs_mix,Mass_subs_mix_g
TM_01_3SpinStick,3SpinStick,20250530,01_3SpinStick,02_VAQPacHer_01,0.433,0.435,0.857,1.831,-0.974,1ml ATL added,,,,
TM_02_3SpinStick,3SpinStick,20250530,02_3SpinStick,02_VAQPacHer_01,1.207,1.208,2.441,2.361,0.08,,,,,
TM_03_3SpinStick,3SpinStick,20250530,03_3SpinStick,02_VAQPacHer_01,1.237,1.238,2.466,2.402,0.064,,,,,
TM_01_AmShad,AmShad,20250529,01_AmShad,01_PacHer_02,1.978,1.979,3.95,3.738,0.212,,,,,
TM_01_AtlSal,AtlSal,20250529,01_AtlSal,01_PacHer_02,1.916,1.918,3.834,3.655,0.179,,,,,
TM_01_BayPip,BayPip,20250529,01_BayPip,01_PacHer_02,0.524,0.528,1.022,1.058,-0.036,,,,,
TM_01_BayShr,BayShr,20250530,01_BayShr,01_VAQPacHer_02,0.286,0.287,0.598,1.461,-0.863,1ml ATL added,,,,
TM_02_BayShr,BayShr,20250530,02_BayShr,01_VAQPacHer_02,0.647,0.649,1.355,2.227,-0.872,1ml ATL added,,,,
TM_03_BayShr,BayShr,20250530,03_BayShr,01_VAQPacHer_02,0.38,0.38,0.747,1.643,-0.896,1ml ATL added,,,,
TM_01_BlkEelpt,BlkEelpt,20240722,01_BlkEelpt_01,03_PacHer_01,5.00811,5.06671,10.2127,9.92381,0.28889,Subsampled,1,20241002,1,2.5506
TM_02_BlkEelpt,BlkEelpt,20240722,02_BlkEelpt_01,03_PacHer_01,5.0482,5.04474,10.22193,9.83671,0.38522,Subsampled,1,20241002,1,2.62332
TM_03_BlkEelpt,BlkEelpt,20240722,03_BlkEelpt_01,03_PacHer_01,5.0533,5.0122,10.08913,9.76113,0.328,Subsampled,1,20241002,1,2.30727
TM_01_BlkTigShrVAQ,BlkTigShrVAQ,20250527,01_BlkTigShrVAQ,14_PacHer,2.002,2,3.899,3.441,0.458,Not Subsampled,,,,
TM_02_BlkTigShrVAQ,BlkTigShrVAQ,20250527,02_BlkTigShrVAQ,16_PacHer,2.008,2.007,3.81,3.622,0.188,Not Subsampled,,,,
TM_03_BlkTigShrVAQ,BlkTigShrVAQ,20250527,03_BlkTigShrVAQ,16_PacHer,2.004,2.002,3.95,3.774,0.176,Not Subsampled,,,,
TM_01_BrRckFish,BrRckFish,20250529,01_BrRckFish,01_PacHer_01,1.901,1.898,3.798,3.691,0.107,,,,,
TM_01_BSkate,BSkate,20250529,01_BSkate,01_PacHer_01,1.913,1.914,3.827,3.694,0.133,,,,,
TM_02_BSkate,BSkate,20250529,02_BSkate,01_PacHer_01,1.837,1.84,3.674,3.993,-0.319,,,,,
TM_02_BufSculp,BufSculp,20250105,02_BuffSculp,06_PacHer,5.09887,5.09518,9.98774,9.42407,0.56367,Subsampled,1,20250105,1,0.23447
TM_03_BufSculp,BufSculp,20250105,03_BuffSculp,06_PacHer,5.0611,5.01395,10.01241,9.51179,0.50062,Subsampled,1,20250105,1,0.25087
TM_01_BufSculp,BufSculp,20250105,01_BuffSculp,06_PacHer,5.0833,5.06595,10.11675,9.65025,0.4665,Subsampled,1,20250105,1,0.25364
TM_01_ButtSol,ButtSol,20250527,01_ButtSol,14_PacHer,2.006,2.007,3.995,3.653,0.342,Not Subsampled,,,,
TM_02_ButtSol,ButtSol,20250527,02_ButtSol,14_PacHer,2,2,3.976,3.859,0.117,Not Subsampled,,,,
TM_03_ButtSol,ButtSol,20250527,03_ButtSol,14_PacHer,2.007,2.009,4.025,3.811,0.214,Not Subsampled,,,,
TM_01_ChinSal,ChinSal,20250529,01_ChinSal,01_PacHer_02,2.002,2.001,3.704,3.562,0.142,,,,,
TM_02_ChinSal,ChinSal,20250529,02_ChinSal,01_PacHer_02,1.997,1.996,3.768,3.46,0.308,,,,,
TM_03_ChinSal,ChinSal,20250529,03_ChinSal,01_PacHer_02,1.995,1.995,3.867,3.677,0.19,,,,,
TM_01_ChumSalVAQ,ChumSalVAQ,20250529,01_Chum_VAQ,01_PacHer_02,1.969,1.972,3.904,3.645,0.259,,,,,
TM_02_ChumSalVAQ,ChumSalVAQ,20250529,02_Chum_VAQ,01_PacHer_02,1.801,1.805,3.601,3.499,0.102,,,,,
TM_01_ChumSal,ChumSal,20250529,01_ChumSal,01_PacHer_02,1.937,1.937,3.748,3.5,0.248,,,,,
TM_02_ChumSal,ChumSal,20250529,02_ChumSal,01_PacHer_02,1.802,1.872,3.674,3.41,0.264,,,,,
TM_03_ChumSal,ChumSal,20250529,03_ChumSal,01_PacHer_02,1.86,1.879,3.741,3.375,0.366,,,,,
TM_01_Cockscomb,Cockscomb,20250530,01_Cockscomb,02_VAQPacHer_01,2.018,2.018,3.94,3.705,0.235,,,,,
TM_02_Cockscomb,Cockscomb,20250530,02_Cockscomb,02_VAQPacHer_01,1.342,1.342,2.595,2.533,0.062,,,,,
TM_03_Cockscomb,Cockscomb,20250530,03_Cockscomb,02_VAQPacHer_01,1.59,1.59,3.075,2.976,0.099,,,,,
TM_01_Coho,Coho,20250528,01_Coho,02_PacHer,2,2.001,3.731,3.64,0.091,Not Subsampled,,,,
TM_02_Coho,Coho,20250528,02_Coho,02_PacHer,2.004,2.004,3.916,3.727,0.189,Not Subsampled,,,,
TM_03_Coho,Coho,20250528,03_Coho,02_PacHer,2.004,2.004,3.833,3.642,0.191,Not Subsampled,,,,
TM_01_CohoVAQ,Coho_VAQ,20250528,01_Coho_VAQ,01_PacHer,2,2,3.867,3.466,0.401,Not Subsampled,,,,
TM_02_CohoVAQ,Coho_VAQ,20250528,02_Coho_VAQ,01_PacHer,2.004,2.006,3.883,3.461,0.422,Not Subsampled,,,,
TM_03_CohoVAQ,Coho_VAQ,20250528,03_Coho_VAQ,01_PacHer,2.007,2.008,3.871,3.279,0.592,Not Subsampled,,,,
TM_01_CohoSal,CohoSal,20241224,01_CohoSal_01,04_PacHer,5.01698,5.04191,9.86774,9.05331,0.81443,Subsampled,1,20241224,1,1.362439
TM_02_CohoSal,CohoSal,20241224,02_CohoSal_01,08_PacHer,5.06339,5.09212,9.99216,9.09788,0.89428,Subsampled,1,20241224,1,0.72554
TM_03_CohoSal,CohoSal,20241218,03_CohoSal_01,08_PacHer,5.06095,5.0867,10.13277,9.6179,0.51487,Subsampled,1,20241224,1,1.16681
TM_01_CoonStShrp,CoonStShrp,20250530,01_CoonStrShr,01_VAQPacHer_02,1.902,1.903,3.657,3.549,0.108,,,,,
TM_02_CoonStShrp,CoonStShrp,20250530,02_CoonStrShr,01_VAQPacHer_02,1.999,1.998,3.891,3.747,0.144,,,,,
TM_01_COSol,COSol,20240716,01_CoSol_01,02_PacHer_01,5.0528,5.06779,10.35099,10.02179,0.3292,Subsampled,1,20240716,1,2.64917
TM_02_COSol,COSol,20240716,02_CoSol_02,02_PacHer_01,5.00154,5.09665,10.27885,9.83911,0.43974,Subsampled,1,20240716,1,1.64918
TM_03_COSol,COSol,20240716,03_CoSol_03,02_PacHer_01,5.08276,5.00982,10.10665,9.62823,0.47842,Subsampled,1,20240716,1,1.64241
TM_01_CresGun,CresGun,20250528,01_CresGun,01_PacHer,2.006,2.006,3.906,3.629,0.277,Not Subsampled,,,,
TM_02_CresGun,CresGun,20250528,02_CresGun,01_PacHer,2.002,2.002,3.89,3.688,0.202,Not Subsampled,,,,
TM_01_DovSol,DovSol,20250226,01_DovSol,12_PacHer,5.088,5.07,10.099,10.003,0.096,Subsampled,1,20250226,1,0.253
TM_02_DovSol,DovSol,20250226,02_DovSol,12_PacHer,5.003,5.004,10.148,9.769,0.379,Subsampled,1,20250226,1,0.251
TM_03_DovSol,DovSol,20250226,03_DovSol,17_PacHer,5.049,5.059,9.927,9.64,0.287,Subsampled,1,20250226,1,0.259
TM_01_EngSol,EngSol,20240716,01_EngSol_01,10_PacHer_01 / 02_PacHer_01,5.05219,5.02354,10.36397,10.09055,0.27342,Subsampled,1,20240716,1,2.63291
TM_02_EngSol,EngSol,20240716,02_EngSol_01,02_PacHer_01,5.07598,5.0752,10.26008,9.9905,0.26958,Subsampled,1,20240716,1,1.72194
TM_03_EngSol,EngSol,20240716,03_EngSol_01,02_PacHer_01,5.09303,5.0091,10.24066,10.07795,0.16271,Subsampled,1,20240716,1,1.52187
TM_01_FltHdSol,FltHdSol,20250521,01_FltHdSol,22_PacHer,2.002,2.003,3.812,3.623,0.189,Subsampled,1,20250521,1,0.214
TM_02_FltHdSol,FltHdSol,20250521,02_FltHdSol,22_PacHer,2.01,2.001,4.009,3.778,0.231,Subsampled,1,20250521,1,0.158
TM_03_FltHdSol,FltHdSol,20250521,03_FltHdSol,22_PacHer,2.003,2.003,3.879,3.595,0.284,Subsampled,1,20250521,1,0.173
TM_01_GhShrmp,GhShrmp,20250527,01_GhShrimp_01,14_PacHer,2,2,3.693,3.467,0.226,Not Subsampled,,,,
TM_02_GhShrmp,GhShrmp,20250527,02_GhShrimp_01,14_PacHer,2.005,2.006,3.808,3.595,0.213,Not Subsampled,,,,
TM_03_GhShrmp,GhShrmp,20250527,03_GhShrimp_01,14_PacHer,2.006,2.006,3.836,3.594,0.242,Not Subsampled,,,,
TM_01_GPO,GPO,20250527,01_GPO,16_PacHer,2.007,2.007,3.771,3.565,0.206,Not Subsampled,,,,
TM_02_GPO,GPO,20250527,02_GPO,16_PacHer,2.008,2.008,3.931,3.77,0.161,Not Subsampled,,,,
TM_01_GrtSculp,GrtSculp,20250129,01_GrtSculp,20_PacHer,5.00682,5.0261,10.1117,9.68128,0.43042,Subsampled,1,20250129,1,0.25385
TM_02_GrtSculp,GrtSculp,20250129,02_GrtSculp,20_PacHer,5.02283,5.04403,10.1265,9.47446,0.65204,Subsampled,1,20250129,1,0.25815
TM_03_GrtSculp,GrtSculp,20250129,03_GrtSculp,20_PacHer,5.03438,5.02503,9.93982,9.469,0.47082,Subsampled,1,20250129,1,0.21587
TM_01_Hake,Hake,20250521,01_Hake,22_PacHer,2.003,2.003,3.873,3.597,0.276,Subsampled,1,20250521,1,0.183
TM_02_Hake,Hake,20250521,02_Hake,22_PacHer,2.002,2.001,3.911,3.741,0.17,Subsampled,1,20250521,1,0.168
TM_03_Hake,Hake,20250521,03_Hake,22_PacHer,2.001,2.001,3.781,3.749,0.032,Subsampled,1,20250521,1,0.177
TM_01_LfinSmel,LfinSmel,20250530,01_LfSmelt,01_VAQPacHer_02,1.634,1.632,3.245,2.882,0.363,,,,,
TM_02_LfinSmel,LfinSmel,20250530,02_LfSmelt,01_VAQPacHer_02,1.748,1.748,3.401,2.762,0.639,,,,,
TM_03_LfinSmel,LfinSmel,20250530,03_LfSmelt,01_VAQPacHer_02,1.897,1.896,3.77,3.095,0.675,,,,,
TM_01_Lingcod,Lingcod,20250527,01_LingCod,02_PacHer,2.007,2.002,3.802,3.664,0.138,Not Subsampled,,,,
TM_02_Lingcod,Lingcod,20250527,02_LingCod,02_PacHer,2.006,2.002,3.976,3.826,0.15,Not Subsampled,,,,
TM_03_Lingcod,Lingcod,20250527,03_LingCod,02_PacHer,2.008,2.006,3.948,3.782,0.166,Not Subsampled,,,,
TM_01_LnoseSkate,LnoseSkate,20250528,01_LNoseSkate,02_PacHer,2.006,2.006,4.165,3.983,0.182,Not Subsampled,,,,
TM_02_LnoseSkate,LnoseSkate,20250528,02_LNoseSkate,02_PacHer,2.008,2.005,4.07,3.908,0.162,Not Subsampled,,,,
TM_03_LnoseSkate,LnoseSkate,20250528,03_LNoseSkate,02_PacHer,2.007,2.003,3.893,3.758,0.135,Not Subsampled,,,,
TM_01_MgArmSq,MgArmSq,20250514,01_MgArmSq,01_PacHer,2.001,2.001,4.156,3.696,0.46,Subsampled,1,20250514,1,0.213
TM_02_MgArmSq,MgArmSq,20250514,02_MgArmSq,01_PacHer,2,2,3.719,3.425,0.294,Subsampled,1,20250514,1,0.165
TM_03_MgArmSq,MgArmSq,20250514,03_MgArmSq,01_PacHer,2,2,4.072,3.799,0.273,Subsampled,1,20250514,1,0.182
TM_01_MktSq,MktSq,20250226,01_MktSq,19_PacHer,5.003,5.014,9.548,9.378,0.17,Subsampled,1,20250226,1,0.25
TM_02_MktSq,MktSq,20250226,02_MktSq,12_PacHer,5.048,5.099,10.084,9.864,0.22,Subsampled,1,20250226,1,0.242
TM_03_MktSq,MktSq,20250226,03_MktSq,12_PacHer,5.086,5.08,10.062,9.605,0.457,Subsampled,1,20250226,1,0.215
TM_01_MusPolyWorm,MusPolyWorm,20250530,01_MusPolyWorm,01_VAQPacHer_01,2.302,2.3,4.492,4.284,0.208,,,,,
TM_02_MusPolyWorm,MusPolyWorm,20250530,02_MusPolyWorm,01_VAQPacHer_01,1.37,1.368,2.73,2.59,0.14,,,,,
TM_03_MusPolyWorm,MusPolyWorm,20250530,03_MusPolyWorm,01_VAQPacHer_01,2.85,2.849,5.463,5.266,0.197,,,,,
TM_01_NAnch,NAnch,20250515,01_Nanch,01_PacHer,2.001,2.002,4.535,4.161,0.374,Subsampled,1,20250515,1,0.188
TM_02_NAnch,NAnch,20250515,02_Nanch,01_PacHer,2.002,2.001,4.087,3.885,0.202,Subsampled,1,20250515,1,0.177
TM_03_NAnch,NAnch,20250515,03_Nanch,01_PacHer,2.001,2,4.821,4.642,0.179,Subsampled,1,20250515,1,0.187
TM_01_NCling,NCling,20250529,01_NCling,01_PacHer_02,1.922,1.924,3.831,3.6,0.231,,,,,
TM_01_NorRonq,NorRonq,20250530,01_NorRonq,01_VAQPacHer_01,1.92,1.919,3.743,3.487,0.256,,,,,
TM_02_NorRonq,NorRonq,20250530,02_NorRonq,01_VAQPacHer_01,1.867,1.868,3.687,3.545,0.142,,,,,
TM_01_NSpearPoach,NSpearPoach,20250129,01_NSpearPoach,15_PacHer,5.05122,5.03301,10.29999,9.78759,0.5124,Subsampled,1,20250129,1,0.23234
TM_02_NSpearPoach,NSpearPoach,20250129,02_NSpearPoach,15_PacHer,5.06553,5.09291,10.48855,10.06332,0.42523,Subsampled,1,20250129,1,0.25116
TM_03_NSpearPoach,NSpearPoach,20250129,03_NSpearPoach,09_PacHer,5.07021,5.09762,10.5115,9.89789,0.61361,Subsampled,1,20250129,1,0.25843
TM_01_PacCod,PacCod,20250527,01_PacCod,16_PacHer,2.003,2.003,3.961,3.827,0.134,Not Subsampled,,,,
TM_02_PacCod,PacCod,20250527,02_PacCod,16_PacHer,2.008,2.007,4.1,3.905,0.195,Not Subsampled,,,,
TM_01_PacSanddab,PacSanddab,20250212,01_PacSandDab,21_PacHer,5.0579,5.0514,10.3377,9.70761,0.63009,Subsampled,1,20250212,1,0.25291
TM_02_PacSanddab,PacSanddab,20250212,02_PacSandDab,21_PacHer,5.04981,5.08311,10.10746,9.61215,0.49531,Subsampled,1,20250212,1,0.24077
TM_03_PacSanddab,PacSanddab,20250212,03_PacSandDab,21_PacHer,5.02872,5.0589,10.08743,9.3641,0.72333,Subsampled,1,20250212,1,0.25219
TM_01_PacSanLan,PacSanLan,20250530,01_PSanLan,01_VAQPacHer_01,1.841,1.84,3.52,3.279,0.241,,,,,
TM_01_PacTom,PacTom,20250528,01_PacTom,02_PacHer,2.004,2.003,4.148,4.033,0.115,Not Subsampled,,,,
TM_02_PacTom,PacTom,20250528,02_PacTom,02_PacHer,2.003,2.001,3.942,3.728,0.214,Not Subsampled,,,,
TM_03_PacTom,PacTom,20250528,03_PacTom,02_PacHer,2.001,2.001,3.985,3.824,0.161,Not Subsampled,,,,
TM_01_PadSculp,PadSculp,20250530,01_PadSculp (02_UnkSculp),01_VAQPacHer_01,1.009,1.008,1.97,1.928,0.042,,,,,
TM_02_PadSculp,PadSculp,20250530,02_PadSculp,01_VAQPacHer_01,1.783,1.782,3.343,3.135,0.208,,,,,
TM_03_PadSculp,PadSculp,20250530,03_PadSculp (04_UnkSculp),01_VAQPacHer_01,2,2.002,3.899,3.698,0.201,,,,,
TM_01_PlfinMid,PlfinMid,20250514,01_PlFinMid,01_PacHer,2,2,4.001,3.997,0.004,Subsampled,1,20250514,1,0.193
TM_02_PlfinMid,PlfinMid,20250514,02_PlFinMid,01_PacHer,2.001,2.001,3.787,3.461,0.326,Subsampled,1,20250514,1,0.138
TM_03_PlfinMid,PlfinMid,20250514,03_PlFinMid,01_PacHer,2,2,3.875,3.555,0.32,Subsampled,1,20250514,1,0.174
TM_01_PnkSal,PnkSal,20250529,01_PnkSal,01_PacHer_02,1.807,1.809,3.614,3.428,0.186,,,,,
TM_02_PnkSal,PnkSal,20250529,02_PnkSal,01_PacHer_02,1.972,1.97,3.898,3.515,0.383,,,,,
TM_03_PnkSal,PnkSal,20250529,03_PnkSal,01_PacHer_02,1.925,1.936,3.85,3.532,0.318,,,,,
TM_02_PnkShrmp,PnkShrmp,20241218,02_PnkShrimp_01,07_PacHer,5.05698,5.08658,10.06609,9.71324,0.35285,Subsampled,1,20241224,1,1.32837
TM_03_PnkShrmp,PnkShrmp,20241218,03_PnkShrimp_01,07_PacHer,5.07174,5.08406,10.05738,9.75682,0.30056,Subsampled,1,20241224,1,1.45499
TM_01_PnkShrmp,PnkShrmp,20241218,01_PnkShrimp_01,07_PacHer,5.05982,5.01766,10.08825,9.57873,0.50952,Subsampled,1,20241224,1,1.36247
TM_01_Pompano,Pompano,20250529,01_Pompano,13_PacHer,1.997,1.997,3.914,3.669,0.245,,,,,
TM_02_Pompano,Pompano,20250529,02_Pompano,13_PacHer,1.995,1.996,3.842,3.743,0.099,,,,,
TM_03_Pompano,Pompano,20250529,03_Pompano,13_PacHer,2.005,2.004,3.861,3.714,0.147,,,,,
TM_01_PPerch,PPerch,20250528,01_PPerch,02_PacHer,2.004,2.003,3.864,3.648,0.216,Not Subsampled,,,,
TM_02_PPerch,PPerch,20250528,02_PPerch,02_PacHer,2.008,2.006,4.004,3.859,0.145,Not Subsampled,,,,
TM_03_PPerch,PPerch,20250528,03_PPerch,02_PacHer,2.003,2.001,3.968,3.82,0.148,Not Subsampled,,,,
TM_02_PacSanLan,PacSanLan,20250530,02_PSanLan,01_VAQPacHer_01,1.33,1.329,2.6,2.406,0.194,,,,,
TM_03_PacSanLan,PacSanLan,20250530,03_PSanLan,01_VAQPacHer_01,1.036,1.037,2.861,2.725,0.136,,,,,
TM_01_PstahSculp,PstahSculp,20250217,01_PstahSculp,23_PacHer,5.0396,5.01597,9.99872,9.29764,0.70108,Subsampled,1,20250217,1,0.25113
TM_02_PstahSculp,PstahSculp,20250217,02_PstahSculp,23_PacHer,5.03561,5.0566,9.83997,9.22043,0.61954,Subsampled,1,20250217,1,0.25173
TM_03_PstahSculp,PstahSculp,20250217,03_PstahSculp,23_PacHer,5.07797,5.06566,10.20507,9.69932,0.50575,Subsampled,1,20250217,1,0.2248
TM_01_QuilRock,QuilRock,20250528,01_QuilRock,02_PacHer,2.006,2.006,3.93,3.847,0.083,Not Subsampled,,,,
TM_02_QuilRock,QuilRock,20250528,02_QuilRock,02_PacHer,2.001,2.001,3.881,3.666,0.215,Not Subsampled,,,,
TM_03_QuilRock,QuilRock,20250528,03_QuilRock,02_PacHer,2.002,2.002,3.871,3.655,0.216,Not Subsampled,,,,
TM_01_Ratfish,Ratfish,20240722,01_RatFish_01,03_PacHer_01,5.06715,5.0336,10.31423,9.98475,0.32948,Subsampled,1,20241002,1,2.31601
TM_02_Ratfish,Ratfish,20240722,02_RatFish_01,03_PacHer_01,5.03029,5.0914,10.42997,10.13928,0.29069,Subsampled,1,20241002,1,2.42722
TM_03_Ratfish,Ratfish,20240722,03_RatFish_01,03_PacHer_01,5.07318,5.03659,10.40932,10.22926,0.18006,Subsampled,1,20241002,1,2.31041
TM_01_Rcksol,Rcksol,20240710,01_Rcksol_01,10_PacHer_01,5.02591,5.01444,10.04035,9.81837,0.22198,Didnt subsample,,,,
TM_02_Rcksol,Rcksol,20240710,02_Rcksol_01,10_PacHer_01,5.07156,5.0435,10.11506,10.06448,0.05058,Didnt subsample,,,,
TM_03_Rcksol,Rcksol,20240710,03_Rcksol_01,10_PacHer_01,5.07197,5.0675,10.13947,9.88657,0.2529,Didnt subsample,,,,
TM_01_RedOcto,RedOcto,20250527,01_RedOcto,14_PacHer,2.006,2.006,4.018,3.781,0.237,Not Subsampled,,,,
TM_01_RexSol,RexSol,20250521,01_Rexsol,01_PacHer,2.001,2.001,3.906,3.68,0.226,Subsampled,1,20250521,1,0.185
TM_02_RexSol,RexSol,20250521,02_RexSol,01_PacHer,2.002,2.001,3.9,3.842,0.058,Subsampled,1,20250521,1,0.242
TM_03_RexSol,RexSol,20250521,03_RexSol,01_PacHer,2.002,2.001,3.985,3.776,0.209,Subsampled,1,20250521,1,0.137
TM_01_RivLamp,RivLamp,20250217,01_RivLamp,11_PacHer,5.0325,5.01318,9.70681,9.30153,0.40528,Subsampled,1,20250217,1,0.25983
TM_02_RivLamp,RivLamp,20250217,02_RivLamp,11_PacHer,5.06652,5.06542,9.8549,9.53642,0.31848,Subsampled,1,20250217,1,0.24853
TM_03_RivLamp,RivLamp,20250217,03_RivLamp,11_PacHer,5.0538,5.02172,9.89515,9.53542,0.35973,Subsampled,1,20250217,1,0.25691
TM_01_RoughSculp,RoughSculp,20250129,01_RoughSculp,15_PacHer,5.04431,5.06723,10.25196,9.81452,0.43744,Subsampled,1,20250129,1,0.25705
TM_02_RoughSculp,RoughSculp,20250129,02_RoughSculp,20_PacHer,5.03245,5.02684,10.05507,9.44512,0.60995,Subsampled,1,20250129,1,0.2377
TM_03_RoughSculp,RoughSculp,20250129,03_RoughSculp,20_PacHer,5.04342,5.04821,10.23861,9.56523,0.67338,Subsampled,1,20250129,1,0.25876
TM_01_SaddleGun,SaddleGun,20250530,01_Saddlegun (07_Saddlegun),01_VAQPacHer_01,1.705,1.706,4.037,3.945,0.092,,,,,
TM_02_SaddleGun,SaddleGun,20250530,02_Saddlegun (19_Saddlegun),01_VAQPacHer_01,1.92,1.919,3.787,3.634,0.153,,,,,
TM_01_ShinPer,ShinPer,20250217,01_ShinPer,23_PacHer,5.04901,5.04571,9.83175,9.28584,0.54591,Subsampled,1,20250217,1,0.25137
TM_02_ShinPer,ShinPer,20250217,02_ShinPer,23_PacHer,5.08108,5.09616,9.79075,9.3095,0.48125,Subsampled,1,20250217,1,0.25805
TM_03_ShinPer,ShinPer,20250217,03_ShinPer,23_PacHer,5.06181,5.07442,10.1022,9.54718,0.55502,Subsampled,1,20250217,1,0.24397
TM_01_SlendSol,SlendSol,20250226,01_SlendSol,19_PacHer,5.06,5.062,10.434,9.644,0.79,Subsampled,1,20250226,1,0.238
TM_02_SlendSol,SlendSol,20250226,02_SlendSol,19_PacHer,5.066,5.057,10.138,10.002,0.136,Subsampled,1,20250226,1,0.218
TM_03_SlendSol,SlendSol,20250226,03_SlendSol,19_PacHer,5.085,5.081,10.042,9.48,0.562,Subsampled,1,20250226,1,0.229
TM_01_SnakPrick,SnakPrick,20250521,01_SnakPrick,22_PacHer,2.001,2.002,4.018,3.711,0.307,Subsampled,1,20250521,1,0.183
TM_02_SnakPrick,SnakPrick,20250521,02_SnakPrick,22_PacHer,2.002,2.002,3.786,3.572,0.214,Subsampled,1,20250521,1,0.144
TM_03_SnakPrick,SnakPrick,20250521,03_SnakPrick,22_PacHer,2.002,2.002,3.671,3.479,0.192,Subsampled,1,20250521,1,0.178
TM_01_SockSal,SockSal,20250519,01_SockSal,01_PacHer,1.999,1.999,4.052,3.751,0.301,Subsampled,1,20250519,1,0.031
TM_02_SockSal,SockSal,20250519,02_SockSal,01_PacHer,2.001,2.001,3.834,3.562,0.272,Subsampled,1,20250519,1,0.078
TM_03_SockSal,SockSal,20250519,03_SockSal,01_PacHer,2.001,2,3.979,3.796,0.183,Subsampled,1,20250519,1,0.087
TM_01_SpDog,SpDog,20250527,01_SpDog,16_PacHer,2.007,2.007,3.907,3.538,0.369,Not Subsampled,,,,
TM_02_SpDog,SpDog,20250527,04_SpDog,16_PacHer,2.006,2.006,4.1,3.823,0.277,Not Subsampled,,,,
TM_03_SpDog,SpDog,20250527,05_SpDog,16_PacHer,2.006,2.004,3.899,3.521,0.378,Not Subsampled,,,,
TM_01_SpecSdab,SpecSdab,20250212,01_SpecsDab,21_PacHer,5.03987,5.04961,10.12828,9.53736,0.59092,Subsampled,1,20250212,1,0.25744
TM_02_SpecSdab,SpecSdab,20250212,02_SpecsDab,21_PacHer,5.05329,5.03759,9.9701,9.26455,0.70555,Subsampled,1,20250212,1,0.22328
TM_03_SpecSdab,SpecSdab,20250212,03_SpecsDab,21_PacHer,5.07085,5.0621,10.31285,9.4904,0.82245,Subsampled,1,20250212,1,0.24572
TM_01_SPerch,SPerch,20250521,01_Sperch,22_PacHer,2.003,2.003,3.865,3.655,0.21,Subsampled,1,20250521,1,0.203
TM_02_SPerch,SPerch,20250521,02_Sperch,22_PacHer,2.004,2.004,4.004,3.647,0.357,Subsampled,1,20250521,1,0.17
TM_03_SPerch,SPerch,20250521,03_Sperch,22_PacHer,2.001,2.001,4.003,3.878,0.125,Subsampled,1,20250521,1,0.177
TM_01_SptPrawn,SptPrawn,20241218,01_SptPrawn_01,07_PacHer,5.02116,5.02943,9.71262,9.15876,0.55386,Subsampled,1,20241224,1,1.21751
TM_02_SptPrawn,SptPrawn,20241218,02_SptPrawn_01,07_PacHer,5.01678,5.01529,9.6086,9.274,0.3346,Subsampled,1,20241224,1,1.60584
TM_03_SptPrawn,SptPrawn,20241218,03_SptPrawn_01,07_PacHer,5.00136,5.00148,9.81556,9.39727,0.41829,Subsampled,1,20241224,1,1.66426
TM_01_SqVAQ,SqVAQ,20250530,01_SqVAQ,02_VAQPacHer_01,2.8,2.8,5.44,5.128,0.312,,,,,
TM_02_SqVAQ,SqVAQ,20250530,02_SqVAQ,02_VAQPacHer_01,2.098,2.097,4.008,3.87,0.138,,,,,
TM_03_SqVAQ,SqVAQ,20250530,03_SqVAQ,02_VAQPacHer_01,2.207,2.207,5.17,5.033,0.137,,,,,
TM_01_StarFloun,StarFloun,20250105,01_StarFloun,06_PacHer,5.07454,5.09304,10.19473,9.80367,0.39106,Subsampled,1,20250105,1,0.25421
TM_02_StarFloun,StarFloun,20250105,02_StarFloun,06_PacHer,5.02827,5.0261,9.83833,9.52723,0.3111,Subsampled,1,20250105,1,0.21669
TM_03_StarFloun,StarFloun,20250105,03_StarFloun,06_PacHer,5.07209,5.02687,9.98523,9.61275,0.37248,Subsampled,1,20250105,1,0.21866
TM_01_SteelHd,SteelHd,20250530,01_SteelHead_01,01_VAQPacHer_01,1.641,1.643,3.185,3.069,0.116,,,,,
TM_02_SteelHd,SteelHd,20250530,02_SteelHead_01,01_VAQPacHer_01,1.794,1.794,3.349,3.131,0.218,,,,,
TM_03_SteelHd,SteelHd,20250530,03_SteelHead_01,01_VAQPacHer_01,1.218,1.215,2.332,2.119,0.213,,,,,
TM_01_StubSq,StubSq,20250529,01_StubSq,01_PacHer_02,0.427,0.424,0.829,0.89,-0.061,,,,,
TM_01_SturPoach,SturPoach,20240722,01_SturPoach_01,03_PacHer_01,5.0283,5.065,10.22533,9.9906,0.23473,Subsampled,1,20241002,1,2.50924
TM_02_SturPoach,SturPoach,20240722,02_SturPoach_01,03_PacHer_01,5.08151,5.06404,10.2473,9.8726,0.3747,Subsampled,1,20241002,1,2.49621
TM_03_SturPoach,SturPoach,20240722,03_SturPoach_01,03_PacHer_01,5.00683,5.00123,10.21414,10.02789,0.18625,Subsampled,1,20241002,1,2.36043
TM_01_SurfSmel,SurfSmel,20250212,01_SurfSmel,21_PacHer,5.0496,5.06321,10.23772,9.76618,0.47154,Subsampled,1,20250212,1,0.25627
TM_02_SurfSmel,SurfSmel,20250212,02_SurfSmel,21_PacHer,5.05675,5.07196,10.16897,9.76981,0.39916,Subsampled,1,20250212,1,0.22947
TM_03_SurfSmel,SurfSmel,20250212,03_SurfSmel,18_PacHer,5.06414,5.01928,10.2156,9.21802,0.99758,Subsampled,1,20250212,1,0.24102
TM_01_TpoolSculp,TpoolSculp,20250528,TpoolSculp_20,01_PacHer,0.924,0.928,1.818,1.513,0.305,Not Subsampled,,,,
TM_02_TpoolSculp,TpoolSculp,20250528,TpoolSculp_21,01_PacHer,0.766,0.769,1.52,1.396,0.124,Not Subsampled,,,,
TM_03_TpoolSculp,TpoolSculp,20250529,03_TpoolSculp,01_PacHer_02,1.93,1.934,3.872,3.76,0.112,,,,,
TM_01_UnkVAQShr,UnkVAQShr,20250530,01_UnkVAQShr,01_VAQPacHer_02,1.82,1.82,3.506,3.334,0.172,,,,,
TM_02_UnkVAQShr,UnkVAQShr,20250530,02_UnkVAQShr,01_VAQPacHer_02,1.981,1.981,3.871,3.532,0.339,,,,,
TM_03_UnkVAQShr,UnkVAQShr,20250530,03_UnkVAQShr,01_VAQPacHer_02,2.067,2.066,3.932,3.981,-0.049,,,,,
TM_01_VAQCapelin,VAQCapelin,20250530,01_Capel_VAQ,01_VAQPacHer_02,2.06,2.061,4.066,3.966,0.1,,,,,
TM_02_VAQCapelin,VAQCapelin,20250530,02_Capel_VAQ,01_VAQPacHer_02,1.979,1.979,3.773,3.659,0.114,,,,,
TM_03_VAQCapelin,VAQCapelin,20250530,03_Capel_VAQ,01_VAQPacHer_02,1.924,1.922,3.748,3.625,0.123,,,,,
TM_01_VAQHake,VAQHake,20250530,01_VAQHake,01_VAQPacHer_02,2.08,2.079,4.023,3.796,0.227,,,,,
TM_02_VAQHake,VAQHake,20250530,02_VAQHake,01_VAQPacHer_02,1.899,1.898,3.602,3.428,0.174,,,,,
TM_03_VAQHake,VAQHake,20250530,03_VAQHake,01_VAQPacHer_02,2.026,2.026,4.79,4.558,0.232,,,,,
TM_01_WalPol,WalPol,20250521,01_WalPol,17_PacHer,2.001,2.001,3.973,3.704,0.269,Subsampled,1,20250521,1,0.185
TM_02_WalPol,WalPol,20250521,02_WalPol,17_PacHer,2,2,3.981,3.82,0.161,Subsampled,1,20250521,1,0.159
TM_03_WalPol,WalPol,20250521,03_WalPol,17_PacHer,2,2,3.967,3.776,0.191,Subsampled,1,20250521,1,0.217
