"sampleid","project","Plate_ID","Well_ID","samplename","tech_rep","Demultiplex_ID","Index_set","region","sp_abbrev","sample","Target_species","Target_sampleID","Target_initial_mass","PacHer_initial_mass","Mixture_final_mass","prop_target","prop_ref","Species","Common_name","MiFish_taxon_assign","18S_taxon_assign","diet_sp","time","creek","station","biol","tech","formatted_biol","station_num_MiF","model_out_name_MiF"
"TM_01_BrRockfish","CorrectionBiasPvDiet","MiFish_4","A1","TM_01_BrRckFish",1,"TM_01_BrRockfish","D","TissueMix","BrRckFish","TM_01_BrRckFish","BrRckFish","01_BrRckFish",1.901,1.898,3.798,0.500526592943655,0.499736703528173,"Sebastes auriculatus","Brown Rockfish","Sebastes","Actinopteri",NA,1,"TM","BrRckFish",1,1,"01",7,"1_TM_7_1"
"TM_A10","CorrectionBiasPvDiet","MiFish_3","A10","TM_01_NAnch",1,"TM_A10","C","TissueMix","NAnch","TM_01_NAnch","NAnch","01_Nanch",2.001,2.002,4.535,0.441234840132304,0.441455347298787,"Engraulis mordax","Northern anchovy","Engraulis mordax","Actinopteri",NA,1,"TM","NAnch",1,1,"01",26,"1_TM_26_1"
"TM_03_QuilRockF","CorrectionBiasPvDiet","MiFish_4","A10","TM_03_QuilRock",1,"TM_03_QuilRockF","D","TissueMix","QuilRock","TM_03_QuilRock","QuilRock","03_QuilRock",2.002,2.002,3.871,0.517179023508137,0.517179023508137,"Sebastes maliger","Quillback rockfish","Sebastes","Actinopteri",NA,1,"TM","QuilRock",3,1,"03",40,"1_TM_40_3"
"TM_A11","CorrectionBiasPvDiet","MiFish_3","A11","TM_03_WalPol",1,"TM_A11","C","TissueMix","WalPol","TM_03_WalPol","WalPol","03_WalPol",2,2,3.967,0.504159314343332,0.504159314343332,"Gadus chalcogrammus","Walleye pollock","Gadus chalcogrammus","Actinopteri",NA,1,"TM","WalPol",3,1,"03",58,"1_TM_58_3"
"TM_02_BlkEelpt","CorrectionBiasPvDiet","MiFish_4","A11","TM_02_BlkEelpt",1,"TM_02_BlkEelpt","D","TissueMix","BlkEelpt","TM_02_BlkEelpt","BlkEelpt","02_BlkEelpt_01",5.0482,5.04474,10.22193,0.493859770121689,0.49352128218448,"Lycodes pacificus","Blackbelly eelpout","Lycodes","Actinopteri",NA,1,"TM","BlkEelpt",2,1,"02",6,"1_TM_6_2"
"TM_A12","CorrectionBiasPvDiet","MiFish_3","A12","TM_01_FltHdSol",1,"TM_A12","C","TissueMix","FltHdSol","TM_01_FltHdSol","FltHdSol","01_FltHdSol",2.002,2.003,3.812,0.525183630640084,0.525445960125918,"Hippoglossoides elassodon","Flathead sole","Hippoglossoides","Actinopteri",NA,1,"TM","FltHdSol",1,1,"01",20,"1_TM_20_1"
"TM_01_LfinSmel","CorrectionBiasPvDiet","MiFish_4","A12","TM_01_LfinSmel",1,"TM_01_LfinSmel","D","TissueMix","LfinSmel","TM_01_LfinSmel","LfinSmel","01_LfSmelt",1.634,1.632,3.245,0.503543913713405,0.502927580893683,"Spirinchus thaleichthys","Longfin smelt","Spirinchus thaleichthys","Actinopteri",NA,1,"TM","LfinSmel",1,1,"01",23,"1_TM_23_1"
"TM_02_Hake","CorrectionBiasPvDiet","MiFish_4","A2","TM_02_Hake",1,"TM_02_Hake","D","TissueMix","Hake","TM_02_Hake","Hake","02_Hake",2.002,2.001,3.911,0.511889542316543,0.511633853234467,"Merluccius productus","Hake","Merluccius productus","Actinopteri",NA,1,"TM","Hake",2,1,"02",22,"1_TM_22_2"
"TM_01_GrtSculp","CorrectionBiasPvDiet","MiFish_4","A3","TM_01_GrtSculp",1,"TM_01_GrtSculp","D","TissueMix","GrtSculp","TM_01_GrtSculp","GrtSculp","01_GrtSculp",5.00682,5.0261,10.1117,0.495151161525757,0.497057863662886,"Myoxocephalus polycanthocephalus","Great sculpin","Myoxocephalus","Actinopteri",NA,1,"TM","GrtSculp",1,1,"01",21,"1_TM_21_1"
"TM_03_PnkSal","CorrectionBiasPvDiet","MiFish_4","A4","TM_03_PnkSal",1,"TM_03_PnkSal","D","TissueMix","PnkSal","TM_03_PnkSal","PnkSal","03_PnkSal",1.925,1.936,3.85,0.5,0.502857142857143,"Oncorhynchus gorbuscha","Pink salmon","Oncorhynchus gorbuscha","Actinopteri",NA,1,"TM","PnkSal",3,1,"03",37,"1_TM_37_3"
"Plate3_A5","CorrectionBiasPvDiet","MiFish_3","A5","TM_03_NSpearPoach",1,"Plate3_A5","C","TissueMix","NSpearPoach","TM_03_NSpearPoach","NSpearPoach","03_NSpearPoach",5.07021,5.09762,10.5115,0.482348856014841,0.484956476240308,"Agonopsis vulsa","Northern Spearnose Poacher","Agonopsis vulsa","Actinopteri",NA,1,"TM","NSpearPoach",3,1,"03",28,"1_TM_28_3"
"TM_03_Coho_VAQ","CorrectionBiasPvDiet","MiFish_4","A5","TM_03_CohoVAQ",1,"TM_03_Coho_VAQ","D","TissueMix","Coho_VAQ","TM_03_CohoVAQ","Coho_VAQ","03_Coho_VAQ",2.007,2.008,3.871,0.518470679411005,0.518729010591578,"Oncorhynchus kisutch","Coho salmon","Oncorhynchus kisutch","Actinopteri","salmon_1",1,"TM","CohoVAQ",3,1,"03",16,"1_TM_16_3"
"TM_A6","CorrectionBiasPvDiet","MiFish_3","A6","TM_02_Ratfish",1,"TM_A6","C","TissueMix","Ratfish","TM_02_Ratfish","Ratfish","02_RatFish_01",5.03029,5.0914,10.42997,0.482291895374579,0.488150972629835,"Hydrolagus colliei","Ratfish","Hydrolagus colliei","Actinopteri",NA,1,"TM","Ratfish",2,1,"02",41,"1_TM_41_2"
"TM_A6","CorrectionBiasPvDiet","MiFish_3","A6","TM_02_Ratfish",1,"TM_A6","C","TissueMix","Ratfish","TM_02_Ratfish","Ratfish","02_RatFish_01",5.03029,5.0914,10.42997,0.482291895374579,0.488150972629835,"Hydrolagus colliei","Ratfish","Hydrolagus colliei","Actinopteri",NA,1,"TM","Ratfish",2,1,"02",41,"1_TM_41_2"
"TM_02_SockSal","CorrectionBiasPvDiet","MiFish_4","A6","TM_02_SockSal",1,"TM_02_SockSal","D","TissueMix","SockSal","TM_02_SockSal","SockSal","02_SockSal",2.001,2.001,3.834,0.521909233176839,0.521909233176839,"Oncorhynchus nerka","Sockeye salmon","Oncorhynchus nerka","Actinopteri",NA,1,"TM","SockSal",2,1,"02",49,"1_TM_49_2"
"TM_A7","CorrectionBiasPvDiet","MiFish_3","A7","TM_02_SpDog",1,"TM_A7","C","TissueMix","SpDog","TM_02_SpDog","SpDog","04_SpDog",2.006,2.006,4.1,0.489268292682927,0.489268292682927,"Squalus acanthias/Squalus suckleyi","Spiny-dogfish","Squalus suckleyi","Squalus suckleyi",NA,1,"TM","SpDog",2,1,"02",50,"1_TM_50_2"
"TM_A7","CorrectionBiasPvDiet","MiFish_3","A7","TM_02_SpDog",1,"TM_A7","C","TissueMix","SpDog","TM_02_SpDog","SpDog","04_SpDog",2.006,2.006,4.1,0.489268292682927,0.489268292682927,"Squalus acanthias/Squalus suckleyi","Spiny-dogfish","Squalus suckleyi","Squalus suckleyi",NA,1,"TM","SpDog",2,1,"02",50,"1_TM_50_2"
"TM_03_Lingcod","CorrectionBiasPvDiet","MiFish_4","A7","TM_03_Lingcod",1,"TM_03_Lingcod","D","TissueMix","Lingcod","TM_03_Lingcod","Lingcod","03_LingCod",2.008,2.006,3.948,0.508611955420466,0.508105369807497,"Ophiodon elongatus","Lingcod","Ophiodon elongatus","Actinopteri",NA,1,"TM","Lingcod",3,1,"03",24,"1_TM_24_3"
"TM_A8","CorrectionBiasPvDiet","MiFish_3","A8","TM_03_Cockscomb",1,"TM_A8","C","TissueMix","Cockscomb","TM_03_Cockscomb","Cockscomb","03_Cockscomb",1.59,1.59,3.075,0.517073170731707,0.517073170731707,"Anoplarchus purpurescens","High Cockscomb","Anoplarchus","Actinopteri",NA,1,"TM","Cockscomb",3,1,"03",14,"1_TM_14_3"
"TM_01_StarFloun","CorrectionBiasPvDiet","MiFish_4","A8","TM_01_StarFloun",1,"TM_01_StarFloun","D","TissueMix","StarFloun","TM_01_StarFloun","StarFloun","01_StarFloun",5.07454,5.09304,10.19473,0.497761098135998,0.499575761202111,"Platichthys stellatus","Starry flounder","Platichthys","Actinopteri",NA,1,"TM","StarFloun",1,1,"01",52,"1_TM_52_1"
"TM_A9","CorrectionBiasPvDiet","MiFish_3","A9","TM_02_PacSanddab",1,"TM_A9","C","TissueMix","PacSanddab","TM_02_PacSanddab","PacSanddab","02_PacSandDab",5.04981,5.08311,10.10746,0.499612167646471,0.50290676391497,"Citharichthys sordidus","Pacific sanddab","Citharichthys sordidus","Actinopteri",NA,1,"TM","PacSanddab",2,1,"02",33,"1_TM_33_2"
"TM_03_SturPoach","CorrectionBiasPvDiet","MiFish_4","A9","TM_03_SturPoach",1,"TM_03_SturPoach","D","TissueMix","SturPoach","TM_03_SturPoach","SturPoach","03_SturPoach_01",5.00683,5.00123,10.21414,0.49018615370457,0.489637894134993,"Podothecus accipenserinus","Sturgeon Poacher","Podothecus accipenserinus","Actinopteri",NA,1,"TM","SturPoach",3,1,"03",54,"1_TM_54_3"
"TM_01_SlendSol","CorrectionBiasPvDiet","MiFish_4","B1","TM_01_SlendSol",1,"TM_01_SlendSol","D","TissueMix","SlendSol","TM_01_SlendSol","SlendSol","01_SlendSol",5.06,5.062,10.434,0.484953038144528,0.485144719187272,"Lyopsetta exilis","Slender sole","Lyopsetta exilis","Actinopteri",NA,1,"TM","SlendSol",1,1,"01",47,"1_TM_47_1"
"TM_B10","CorrectionBiasPvDiet","MiFish_3","B10","TM_02_NAnch",1,"TM_B10","C","TissueMix","NAnch","TM_02_NAnch","NAnch","02_Nanch",2.002,2.001,4.087,0.489845852703695,0.489601174455591,"Engraulis mordax","Northern anchovy","Engraulis mordax","Actinopteri",NA,1,"TM","NAnch",2,1,"02",26,"1_TM_26_2"
"TM_01_PstahSculp","CorrectionBiasPvDiet","MiFish_4","B10","TM_01_PstahSculp",1,"TM_01_PstahSculp","D","TissueMix","PstahSculp","TM_01_PstahSculp","PstahSculp","01_PstahSculp",5.0396,5.01597,9.99872,0.504024515137938,0.501661212635217,"Leptocottus armatus","Pacific staghorn sculpin","Leptocottus armatus","Actinopteri",NA,1,"TM","PstahSculp",1,1,"01",39,"1_TM_39_1"
"TM_B11","CorrectionBiasPvDiet","MiFish_3","B11","TM_01_3SpinStick",1,"TM_B11","C","TissueMix","3SpinStick","TM_01_3SpinStick","3SpinStick","01_3SpinStick",0.433,0.435,0.857,0.505250875145858,0.507584597432906,"Gasterosteus aculeatus","Three-spined stickleback","Gasterosteus aculeatus","Actinopteri",NA,1,"TM","3SpinStick",1,1,"01",1,"1_TM_1_1"
"TM_03_BlkEelpt","CorrectionBiasPvDiet","MiFish_4","B11","TM_03_BlkEelpt",1,"TM_03_BlkEelpt","D","TissueMix","BlkEelpt","TM_03_BlkEelpt","BlkEelpt","03_BlkEelpt_01",5.0533,5.0122,10.08913,0.500865783273682,0.496792092083262,"Lycodes pacificus","Blackbelly eelpout","Lycodes","Actinopteri",NA,1,"TM","BlkEelpt",3,1,"03",6,"1_TM_6_3"
"TM_B12","CorrectionBiasPvDiet","MiFish_3","B12","TM_02_FltHdSol",1,"TM_B12","C","TissueMix","FltHdSol","TM_02_FltHdSol","FltHdSol","02_FltHdSol",2.01,2.001,4.009,0.50137191319531,0.499126964330257,"Hippoglossoides elassodon","Flathead sole","Hippoglossoides","Actinopteri",NA,1,"TM","FltHdSol",2,1,"02",20,"1_TM_20_2"
"TM_02_LfinSmel","CorrectionBiasPvDiet","MiFish_4","B12","TM_02_LfinSmel",1,"TM_02_LfinSmel","D","TissueMix","LfinSmel","TM_02_LfinSmel","LfinSmel","02_LfSmelt",1.748,1.748,3.401,0.513966480446927,0.513966480446927,"Spirinchus thaleichthys","Longfin smelt","Spirinchus thaleichthys","Actinopteri",NA,1,"TM","LfinSmel",2,1,"02",23,"1_TM_23_2"
"TM_03_Hake","CorrectionBiasPvDiet","MiFish_4","B2","TM_03_Hake",1,"TM_03_Hake","D","TissueMix","Hake","TM_03_Hake","Hake","03_Hake",2.001,2.001,3.781,0.529225072732081,0.529225072732081,"Merluccius productus","Hake","Merluccius productus","Actinopteri",NA,1,"TM","Hake",3,1,"03",22,"1_TM_22_3"
"TM_02_GrtSculp","CorrectionBiasPvDiet","MiFish_4","B3","TM_02_GrtSculp",1,"TM_02_GrtSculp","D","TissueMix","GrtSculp","TM_02_GrtSculp","GrtSculp","02_GrtSculp",5.02283,5.04403,10.1265,0.496008492569002,0.498102009578828,"Myoxocephalus polycanthocephalus","Great sculpin","Myoxocephalus","Actinopteri",NA,1,"TM","GrtSculp",2,1,"02",21,"1_TM_21_2"
"TM_01_ChumSal","CorrectionBiasPvDiet","MiFish_4","B4","TM_01_ChumSal",1,"TM_01_ChumSal","D","TissueMix","ChumSal","TM_01_ChumSal","ChumSal","01_ChumSal",1.937,1.937,3.748,0.516808964781217,0.516808964781217,"Oncorhynchus keta","Chum salmon juv","Oncorhynchus keta","Actinopteri",NA,1,"TM","ChumSal",1,1,"01",12,"1_TM_12_1"
"Plate3_B5","CorrectionBiasPvDiet","MiFish_3","B5","TM_01_AmShad",1,"Plate3_B5","C","TissueMix","AmShad","TM_01_AmShad","AmShad","01_AmShad",1.978,1.979,3.95,0.500759493670886,0.501012658227848,"Alosa sapidissima","American shad","Alosa sapidissima","Actinopteri",NA,1,"TM","AmShad",1,1,"01",2,"1_TM_2_1"
"TM_01_CohoSal","CorrectionBiasPvDiet","MiFish_4","B5","TM_01_CohoSal",1,"TM_01_CohoSal","D","TissueMix","CohoSal","TM_01_CohoSal","CohoSal","01_CohoSal_01",5.01698,5.04191,9.86774,0.508422394590859,0.510948808947135,"Oncorhynchus kisutch","Coho salmon","Oncorhynchus kisutch","Actinopteri",NA,1,"TM","CohoSal",1,1,"01",15,"1_TM_15_1"
"TM_B6","CorrectionBiasPvDiet","MiFish_3","B6","TM_03_Ratfish",1,"TM_B6","C","TissueMix","Ratfish","TM_03_Ratfish","Ratfish","03_RatFish_01",5.07318,5.03659,10.40932,0.487369011616513,0.483853892473284,"Hydrolagus colliei","Ratfish","Hydrolagus colliei","Actinopteri",NA,1,"TM","Ratfish",3,1,"03",41,"1_TM_41_3"
"TM_B6","CorrectionBiasPvDiet","MiFish_3","B6","TM_03_Ratfish",1,"TM_B6","C","TissueMix","Ratfish","TM_03_Ratfish","Ratfish","03_RatFish_01",5.07318,5.03659,10.40932,0.487369011616513,0.483853892473284,"Hydrolagus colliei","Ratfish","Hydrolagus colliei","Actinopteri",NA,1,"TM","Ratfish",3,1,"03",41,"1_TM_41_3"
"TM_03_SockSal","CorrectionBiasPvDiet","MiFish_4","B6","TM_03_SockSal",1,"TM_03_SockSal","D","TissueMix","SockSal","TM_03_SockSal","SockSal","03_SockSal",2.001,2,3.979,0.502890173410405,0.502638853983413,"Oncorhynchus nerka","Sockeye salmon","Oncorhynchus nerka","Actinopteri",NA,1,"TM","SockSal",3,1,"03",49,"1_TM_49_3"
"TM_B7","CorrectionBiasPvDiet","MiFish_3","B7","TM_03_SpDog",1,"TM_B7","C","TissueMix","SpDog","TM_03_SpDog","SpDog","05_SpDog",2.006,2.004,3.899,0.514490895101308,0.513977943062324,"Squalus acanthias/Squalus suckleyi","Spiny-dogfish","Squalus suckleyi","Squalus suckleyi",NA,1,"TM","SpDog",3,1,"03",50,"1_TM_50_3"
"TM_B7","CorrectionBiasPvDiet","MiFish_3","B7","TM_03_SpDog",1,"TM_B7","C","TissueMix","SpDog","TM_03_SpDog","SpDog","05_SpDog",2.006,2.004,3.899,0.514490895101308,0.513977943062324,"Squalus acanthias/Squalus suckleyi","Spiny-dogfish","Squalus suckleyi","Squalus suckleyi",NA,1,"TM","SpDog",3,1,"03",50,"1_TM_50_3"
"TM_01_EngSol","CorrectionBiasPvDiet","MiFish_4","B7","TM_01_EngSol",1,"TM_01_EngSol","D","TissueMix","EngSol","TM_01_EngSol","EngSol","01_EngSol_01",5.05219,5.02354,10.36397,0.487476324227106,0.484711939536683,"Parophrys vetulus","English sole","Parophrys vetulus","Actinopteri",NA,1,"TM","EngSol",1,1,"01",19,"1_TM_19_1"
"TM_B8","CorrectionBiasPvDiet","MiFish_3","B8","TM_01_PadSculp",1,"TM_B8","C","TissueMix","PadSculp","TM_01_PadSculp","PadSculp","01_PadSculp (02_UnkSculp)",1.009,1.008,1.97,0.512182741116751,0.511675126903553,"Artedius fenestralis","Padded sculpin","Artedius fenestralis","Actinopteri",NA,1,"TM","PadSculp",1,1,"01",35,"1_TM_35_1"
"TM_02_StarFloun","CorrectionBiasPvDiet","MiFish_4","B8","TM_02_StarFloun",1,"TM_02_StarFloun","D","TissueMix","StarFloun","TM_02_StarFloun","StarFloun","02_StarFloun",5.02827,5.0261,9.83833,0.511089788612498,0.510869222723775,"Platichthys stellatus","Starry flounder","Platichthys","Actinopteri",NA,1,"TM","StarFloun",2,1,"02",52,"1_TM_52_2"
"TM_B9","CorrectionBiasPvDiet","MiFish_3","B9","TM_03_PacSanddab",1,"TM_B9","C","TissueMix","PacSanddab","TM_03_PacSanddab","PacSanddab","03_PacSandDab",5.02872,5.0589,10.08743,0.4985134965001,0.501505338822673,"Citharichthys sordidus","Pacific sanddab","Citharichthys sordidus","Actinopteri",NA,1,"TM","PacSanddab",3,1,"03",33,"1_TM_33_3"
"TM_01_PlfinMid","CorrectionBiasPvDiet","MiFish_4","B9","TM_01_PlfinMid",1,"TM_01_PlfinMid","D","TissueMix","PlfinMid","TM_01_PlfinMid","PlfinMid","01_PlFinMid",2,2,4.001,0.499875031242189,0.499875031242189,"Porichthys notatus","Plainfin midshipman","Porichthys notatus","Actinopteri",NA,1,"TM","PlfinMid",1,1,"01",36,"1_TM_36_1"
"TM_02_SlendSol","CorrectionBiasPvDiet","MiFish_4","C1","TM_02_SlendSol",1,"TM_02_SlendSol","D","TissueMix","SlendSol","TM_02_SlendSol","SlendSol","02_SlendSol",5.066,5.057,10.138,0.499704083645689,0.498816334582758,"Lyopsetta exilis","Slender sole","Lyopsetta exilis","Actinopteri",NA,1,"TM","SlendSol",2,1,"02",47,"1_TM_47_2"
"TM_C10","CorrectionBiasPvDiet","MiFish_3","C10","TM_03_NAnch",1,"TM_C10","C","TissueMix","NAnch","TM_03_NAnch","NAnch","03_Nanch",2.001,2,4.821,0.415059116365899,0.414851690520639,"Engraulis mordax","Northern anchovy","Engraulis mordax","Actinopteri",NA,1,"TM","NAnch",3,1,"03",26,"1_TM_26_3"
"TM_02_PstahSculp","CorrectionBiasPvDiet","MiFish_4","C10","TM_02_PstahSculp",1,"TM_02_PstahSculp","D","TissueMix","PstahSculp","TM_02_PstahSculp","PstahSculp","02_PstahSculp",5.03561,5.0566,9.83997,0.51175054395491,0.513883680539676,"Leptocottus armatus","Pacific staghorn sculpin","Leptocottus armatus","Actinopteri",NA,1,"TM","PstahSculp",2,1,"02",39,"1_TM_39_2"
"TM_C11","CorrectionBiasPvDiet","MiFish_3","C11","TM_02_3SpinStick",1,"TM_C11","C","TissueMix","3SpinStick","TM_02_3SpinStick","3SpinStick","02_3SpinStick",1.207,1.208,2.441,0.494469479721426,0.494879147890209,"Gasterosteus aculeatus","Three-spined stickleback","Gasterosteus aculeatus","Actinopteri",NA,1,"TM","3SpinStick",2,1,"02",1,"1_TM_1_2"
"TM_01_SurfSmel","CorrectionBiasPvDiet","MiFish_4","C11","TM_01_SurfSmel",1,"TM_01_SurfSmel","D","TissueMix","SurfSmel","TM_01_SurfSmel","SurfSmel","01_SurfSmel",5.0496,5.06321,10.23772,0.493234821815795,0.494564219376971,"Hypomesus pretiosus","Surf smelt","Hypomesus pretiosus","Actinopteri",NA,1,"TM","SurfSmel",1,1,"01",55,"1_TM_55_1"
"TM_C12","CorrectionBiasPvDiet","MiFish_3","C12","TM_03_FltHdSol",1,"TM_C12","C","TissueMix","FltHdSol","TM_03_FltHdSol","FltHdSol","03_FltHdSol",2.003,2.003,3.879,0.516370198504769,0.516370198504769,"Hippoglossoides elassodon","Flathead sole","Hippoglossoides","Actinopteri",NA,1,"TM","FltHdSol",3,1,"03",20,"1_TM_20_3"
"TM_03_LfinSmel","CorrectionBiasPvDiet","MiFish_4","C12","TM_03_LfinSmel",1,"TM_03_LfinSmel","D","TissueMix","LfinSmel","TM_03_LfinSmel","LfinSmel","03_LfSmelt",1.897,1.896,3.77,0.503183023872679,0.502917771883289,"Spirinchus thaleichthys","Longfin smelt","Spirinchus thaleichthys","Actinopteri",NA,1,"TM","LfinSmel",3,1,"03",23,"1_TM_23_3"
"TM_01_PacTom","CorrectionBiasPvDiet","MiFish_4","C2","TM_01_PacTom",1,"TM_01_PacTom","D","TissueMix","PacTom","TM_01_PacTom","PacTom","01_PacTom",2.004,2.003,4.148,0.483124397299904,0.482883317261331,"Microgadus proximus","Pacific tomcod","Microgadus proximus","Actinopteri",NA,1,"TM","PacTom",1,1,"01",34,"1_TM_34_1"
"TM_03_GrtSculp","CorrectionBiasPvDiet","MiFish_4","C3","TM_03_GrtSculp",1,"TM_03_GrtSculp","D","TissueMix","GrtSculp","TM_03_GrtSculp","GrtSculp","03_GrtSculp",5.03438,5.02503,9.93982,0.506486032946271,0.505545372048991,"Myoxocephalus polycanthocephalus","Great sculpin","Myoxocephalus","Actinopteri",NA,1,"TM","GrtSculp",3,1,"03",21,"1_TM_21_3"
"TM_02_ChumSal","CorrectionBiasPvDiet","MiFish_4","C4","TM_02_ChumSal",1,"TM_02_ChumSal","D","TissueMix","ChumSal","TM_02_ChumSal","ChumSal","02_ChumSal",1.802,1.872,3.674,0.490473598258029,0.509526401741971,"Oncorhynchus keta","Chum salmon juv","Oncorhynchus keta","Actinopteri",NA,1,"TM","ChumSal",2,1,"02",12,"1_TM_12_2"
"Plate3_C5","CorrectionBiasPvDiet","MiFish_3","C5","TM_01_PacSanLan",1,"Plate3_C5","C","TissueMix","PacSanLan","TM_01_PacSanLan","PacSanLan","01_PSanLan",1.841,1.84,3.52,0.523011363636364,0.522727272727273,"Ammodytes personatus","Pacific sandlance","Ammodytes personatus","Actinopteri",NA,1,"TM","PacSanLan",1,1,"01",32,"1_TM_32_1"
"TM_02_CohoSal","CorrectionBiasPvDiet","MiFish_4","C5","TM_02_CohoSal",1,"TM_02_CohoSal","D","TissueMix","CohoSal","TM_02_CohoSal","CohoSal","02_CohoSal_01",5.06339,5.09212,9.99216,0.506736281244496,0.509611535443788,"Oncorhynchus kisutch","Coho salmon","Oncorhynchus kisutch","Actinopteri",NA,1,"TM","CohoSal",2,1,"02",15,"1_TM_15_2"
"TM_C6","CorrectionBiasPvDiet","MiFish_3","C6","TM_01_BSkate",1,"TM_C6","C","TissueMix","BSkate","TM_01_BSkate","BSkate","01_BSkate",1.913,1.914,3.827,0.499869349359812,0.500130650640188,"Raja binoculata","Big skate","Raja binoculata","Rajidae",NA,1,"TM","BSkate",1,1,"01",4,"1_TM_4_1"
"TM_01_AtlSal","CorrectionBiasPvDiet","MiFish_4","C6","TM_01_AtlSal",1,"TM_01_AtlSal","D","TissueMix","AtlSal","TM_01_AtlSal","AtlSal","01_AtlSal",1.916,1.918,3.834,0.499739175795514,0.500260824204486,"Salmo salar","Atlantic salmon","Salmo salar","Actinopteri",NA,1,"TM","AtlSal",1,1,"01",3,"1_TM_3_1"
"TM_C7","CorrectionBiasPvDiet","MiFish_3","C7","TM_01_RivLamp",1,"TM_C7","C","TissueMix","RivLamp","TM_01_RivLamp","RivLamp","01_RivLamp",5.0325,5.01318,9.70681,0.518450448705599,0.516460093480762,"Lampetra fluviatilis","river lamprey?","Lampetra","Lampetra fluviatilis",NA,1,"TM","RivLamp",1,1,"01",43,"1_TM_43_1"
"TM_C7","CorrectionBiasPvDiet","MiFish_3","C7","TM_01_RivLamp",1,"TM_C7","C","TissueMix","RivLamp","TM_01_RivLamp","RivLamp","01_RivLamp",5.0325,5.01318,9.70681,0.518450448705599,0.516460093480762,"Lampetra fluviatilis","river lamprey?","Lampetra","Lampetra fluviatilis",NA,1,"TM","RivLamp",1,1,"01",43,"1_TM_43_1"
"TM_02_EngSol","CorrectionBiasPvDiet","MiFish_4","C7","TM_02_EngSol",1,"TM_02_EngSol","D","TissueMix","EngSol","TM_02_EngSol","EngSol","02_EngSol_01",5.07598,5.0752,10.26008,0.494731035235593,0.49465501243655,"Parophrys vetulus","English sole","Parophrys vetulus","Actinopteri",NA,1,"TM","EngSol",2,1,"02",19,"1_TM_19_2"
"TM_C8","CorrectionBiasPvDiet","MiFish_3","C8","TM_02_PadSculp",1,"TM_C8","C","TissueMix","PadSculp","TM_02_PadSculp","PadSculp","02_PadSculp",1.783,1.782,3.343,0.533353275501047,0.533054142985342,"Artedius fenestralis","Padded sculpin","Artedius fenestralis","Actinopteri",NA,1,"TM","PadSculp",2,1,"02",35,"1_TM_35_2"
"TM_03_StarFloun","CorrectionBiasPvDiet","MiFish_4","C8","TM_03_StarFloun",1,"TM_03_StarFloun","D","TissueMix","StarFloun","TM_03_StarFloun","StarFloun","03_StarFloun",5.07209,5.02687,9.98523,0.507959255820847,0.503430566947381,"Platichthys stellatus","Starry flounder","Platichthys","Actinopteri",NA,1,"TM","StarFloun",3,1,"03",52,"1_TM_52_3"
"TM_C9","CorrectionBiasPvDiet","MiFish_3","C9","TM_01_SpecSdab",1,"TM_C9","C","TissueMix","SpecSdab","TM_01_SpecSdab","SpecSdab","01_SpecsDab",5.03987,5.04961,10.12828,0.497603739233118,0.498565403010185,"Citharichthys stigmaeus","Speckled sanddab","Citharichthys stigmaeus","Actinopteri",NA,1,"TM","SpecSdab",1,1,"01",51,"1_TM_51_1"
"TM_02_PlfinMid","CorrectionBiasPvDiet","MiFish_4","C9","TM_02_PlfinMid",1,"TM_02_PlfinMid","D","TissueMix","PlfinMid","TM_02_PlfinMid","PlfinMid","02_PlFinMid",2.001,2.001,3.787,0.52838658568788,0.52838658568788,"Porichthys notatus","Plainfin midshipman","Porichthys notatus","Actinopteri",NA,1,"TM","PlfinMid",2,1,"02",36,"1_TM_36_2"
"TM_03_SlendSol","CorrectionBiasPvDiet","MiFish_4","D1","TM_03_SlendSol",1,"TM_03_SlendSol","D","TissueMix","SlendSol","TM_03_SlendSol","SlendSol","03_SlendSol",5.085,5.081,10.042,0.50637323242382,0.505974905397331,"Lyopsetta exilis","Slender sole","Lyopsetta exilis","Actinopteri",NA,1,"TM","SlendSol",3,1,"03",47,"1_TM_47_3"
"TM_D10","CorrectionBiasPvDiet","MiFish_3","D10","TM_01_BufSculp",1,"TM_D10","C","TissueMix","BufSculp","TM_01_BufSculp","BufSculp","01_BuffSculp",5.0833,5.06595,10.11675,0.50246373588356,0.500748758247461,"Enophrys bison","Buffalo sculpin","Enophrys bison","Actinopteri",NA,1,"TM","BufSculp",1,1,"01",8,"1_TM_8_1"
"TM_03_PstahSculp","CorrectionBiasPvDiet","MiFish_4","D10","TM_03_PstahSculp",1,"TM_03_PstahSculp","D","TissueMix","PstahSculp","TM_03_PstahSculp","PstahSculp","03_PstahSculp",5.07797,5.06566,10.20507,0.497592863155275,0.496386599993925,"Leptocottus armatus","Pacific staghorn sculpin","Leptocottus armatus","Actinopteri",NA,1,"TM","PstahSculp",3,1,"03",39,"1_TM_39_3"
"TM_D11","CorrectionBiasPvDiet","MiFish_3","D11","TM_03_3SpinStick",1,"TM_D11","C","TissueMix","3SpinStick","TM_03_3SpinStick","3SpinStick","03_3SpinStick",1.237,1.238,2.466,0.501622060016221,0.502027575020276,"Gasterosteus aculeatus","Three-spined stickleback","Gasterosteus aculeatus","Actinopteri",NA,1,"TM","3SpinStick",3,1,"03",1,"1_TM_1_3"
"TM_02_SurfSmel","CorrectionBiasPvDiet","MiFish_4","D11","TM_02_SurfSmel",1,"TM_02_SurfSmel","D","TissueMix","SurfSmel","TM_02_SurfSmel","SurfSmel","02_SurfSmel",5.05675,5.07196,10.16897,0.497272585129074,0.498768311834925,"Hypomesus pretiosus","Surf smelt","Hypomesus pretiosus","Actinopteri",NA,1,"TM","SurfSmel",2,1,"02",55,"1_TM_55_2"
"TM_D12","CorrectionBiasPvDiet","MiFish_3","D12","TM_01_ButtSol",1,"TM_D12","C","TissueMix","ButtSol","TM_01_ButtSol","ButtSol","01_ButtSol",2.006,2.007,3.995,0.502127659574468,0.502377972465582,"Isopsetta isolepis","Butter sole","Pleuronectidae","Actinopteri",NA,1,"TM","ButtSol",1,1,"01",9,"1_TM_9_1"
"TM_01_Pompano","CorrectionBiasPvDiet","MiFish_4","D12","TM_01_Pompano",1,"TM_01_Pompano","D","TissueMix","Pompano","TM_01_Pompano","Pompano","01_Pompano",1.997,1.997,3.914,0.51021972406745,0.51021972406745,"Peprilus simillimus","Pacific pompano","Peprilus","Actinopteri",NA,1,"TM","Pompano",1,1,"01",38,"1_TM_38_1"
"TM_02_PacTom","CorrectionBiasPvDiet","MiFish_4","D2","TM_02_PacTom",1,"TM_02_PacTom","D","TissueMix","PacTom","TM_02_PacTom","PacTom","02_PacTom",2.003,2.001,3.942,0.508117706747844,0.507610350076103,"Microgadus proximus","Pacific tomcod","Microgadus proximus","Actinopteri",NA,1,"TM","PacTom",2,1,"02",34,"1_TM_34_2"
"TM_01_TpoolSculp","CorrectionBiasPvDiet","MiFish_4","D3","TM_01_TpoolSculp",1,"TM_01_TpoolSculp","D","TissueMix","TpoolSculp","TM_01_TpoolSculp","TpoolSculp","TpoolSculp_20",0.924,0.928,1.818,0.508250825082508,0.51045104510451,"Oligocottus maculosus","Tidepool sculpin","Oligocottus","Actinopteri",NA,1,"TM","TpoolSculp",1,1,"01",56,"1_TM_56_1"
"TM_03_ChumSal","CorrectionBiasPvDiet","MiFish_4","D4","TM_03_ChumSal",1,"TM_03_ChumSal","D","TissueMix","ChumSal","TM_03_ChumSal","ChumSal","03_ChumSal",1.86,1.879,3.741,0.4971932638332,0.502272119754076,"Oncorhynchus keta","Chum salmon juv","Oncorhynchus keta","Actinopteri",NA,1,"TM","ChumSal",3,1,"03",12,"1_TM_12_3"
"Plate3_D5","CorrectionBiasPvDiet","MiFish_3","D5","TM_02_PacSanLan",1,"Plate3_D5","C","TissueMix","PacSanLan","TM_02_PacSanLan","PacSanLan","02_PSanLan",1.33,1.329,2.6,0.511538461538461,0.511153846153846,"Ammodytes personatus","Pacific sandlance","Ammodytes personatus","Actinopteri",NA,1,"TM","PacSanLan",2,1,"02",32,"1_TM_32_2"
"TM_03_CohoSal","CorrectionBiasPvDiet","MiFish_4","D5","TM_03_CohoSal",1,"TM_03_CohoSal","D","TissueMix","CohoSal","TM_03_CohoSal","CohoSal","03_CohoSal_01",5.06095,5.0867,10.13277,0.499463621497379,0.502004881192408,"Oncorhynchus kisutch","Coho salmon","Oncorhynchus kisutch","Actinopteri",NA,1,"TM","CohoSal",3,1,"03",15,"1_TM_15_3"
"TM_D6","CorrectionBiasPvDiet","MiFish_3","D6","TM_02_BSkate",1,"TM_D6","C","TissueMix","BSkate","TM_02_BSkate","BSkate","02_BSkate",1.837,1.84,3.674,0.5,0.50081654872074,"Raja binoculata","Big skate","Raja binoculata","Rajidae",NA,1,"TM","BSkate",2,1,"02",4,"1_TM_4_2"
"TM_D6","CorrectionBiasPvDiet","MiFish_3","D6","TM_02_BSkate",1,"TM_D6","C","TissueMix","BSkate","TM_02_BSkate","BSkate","02_BSkate",1.837,1.84,3.674,0.5,0.50081654872074,"Raja binoculata","Big skate","Raja binoculata","Rajidae",NA,1,"TM","BSkate",2,1,"02",4,"1_TM_4_2"
"TM_01_ChinSal","CorrectionBiasPvDiet","MiFish_4","D6","TM_01_ChinSal",1,"TM_01_ChinSal","D","TissueMix","ChinSal","TM_01_ChinSal","ChinSal","01_ChinSal",2.002,2.001,3.704,0.540496760259179,0.540226781857451,"Oncorhynchus tshawytscha","Chinook salmon","Oncorhynchus tshawytscha","Actinopteri",NA,1,"TM","ChinSal",1,1,"01",11,"1_TM_11_1"
"TM_D7","CorrectionBiasPvDiet","MiFish_3","D7","TM_02_RivLamp",1,"TM_D7","C","TissueMix","RivLamp","TM_02_RivLamp","RivLamp","02_RivLamp",5.06652,5.06542,9.8549,0.514111761661711,0.51400014206131,"Lampetra fluviatilis","river lamprey?","Lampetra","Lampetra fluviatilis",NA,1,"TM","RivLamp",2,1,"02",43,"1_TM_43_2"
"TM_D7","CorrectionBiasPvDiet","MiFish_3","D7","TM_02_RivLamp",1,"TM_D7","C","TissueMix","RivLamp","TM_02_RivLamp","RivLamp","02_RivLamp",5.06652,5.06542,9.8549,0.514111761661711,0.51400014206131,"Lampetra fluviatilis","river lamprey?","Lampetra","Lampetra fluviatilis",NA,1,"TM","RivLamp",2,1,"02",43,"1_TM_43_2"
"TM_03_EngSol","CorrectionBiasPvDiet","MiFish_4","D7","TM_03_EngSol",1,"TM_03_EngSol","D","TissueMix","EngSol","TM_03_EngSol","EngSol","03_EngSol_01",5.09303,5.0091,10.24066,0.497334156196964,0.48913839537686,"Parophrys vetulus","English sole","Parophrys vetulus","Actinopteri",NA,1,"TM","EngSol",3,1,"03",19,"1_TM_19_3"
"TM_D8","CorrectionBiasPvDiet","MiFish_3","D8","TM_03_PadSculp",1,"TM_D8","C","TissueMix","PadSculp","TM_03_PadSculp","PadSculp","03_PadSculp (04_UnkSculp)",2,2.002,3.899,0.512952038984355,0.513464991023339,"Artedius fenestralis","Padded sculpin","Artedius fenestralis","Actinopteri",NA,1,"TM","PadSculp",3,1,"03",35,"1_TM_35_3"
"TM_01_COSol","CorrectionBiasPvDiet","MiFish_4","D8","TM_01_COSol",1,"TM_01_COSol","D","TissueMix","COSol","TM_01_COSol","COSol","01_CoSol_01",5.0528,5.06779,10.35099,0.488146544436812,0.489594715094885,"Pleuronichthys coenosus","C-O sole","Pleuronichthys coenosus","Actinopteri",NA,1,"TM","COSol",1,1,"01",10,"1_TM_10_1"
"TM_D9","CorrectionBiasPvDiet","MiFish_3","D9","TM_02_SpecSdab",1,"TM_D9","C","TissueMix","SpecSdab","TM_02_SpecSdab","SpecSdab","02_SpecsDab",5.05329,5.03759,9.9701,0.506844464950201,0.505269756572151,"Citharichthys stigmaeus","Speckled sanddab","Citharichthys stigmaeus","Actinopteri",NA,1,"TM","SpecSdab",2,1,"02",51,"1_TM_51_2"
"TM_03_PlfinMid","CorrectionBiasPvDiet","MiFish_4","D9","TM_03_PlfinMid",1,"TM_03_PlfinMid","D","TissueMix","PlfinMid","TM_03_PlfinMid","PlfinMid","03_PlFinMid",2,2,3.875,0.516129032258065,0.516129032258065,"Porichthys notatus","Plainfin midshipman","Porichthys notatus","Actinopteri",NA,1,"TM","PlfinMid",3,1,"03",36,"1_TM_36_3"
"TM_01_Capel_VAQ","CorrectionBiasPvDiet","MiFish_4","E1","TM_01_VAQCapelin",1,"TM_01_Capel_VAQ","D","TissueMix","VAQCapelin","TM_01_VAQCapelin","VAQCapelin","01_Capel_VAQ",2.06,2.061,4.066,0.506640432857846,0.506886374815544,"Mallotus villosus","Capelin","Mallotus villosus","Actinopteri","capelin",1,"TM","VAQCapelin",1,1,"01",57,"1_TM_57_1"
"TM_E10","CorrectionBiasPvDiet","MiFish_3","E10","TM_02_BufSculp",1,"TM_E10","C","TissueMix","BufSculp","TM_02_BufSculp","BufSculp","02_BuffSculp",5.09887,5.09518,9.98774,0.510512888801671,0.510143435852355,"Enophrys bison","Buffalo sculpin","Enophrys bison","Actinopteri",NA,1,"TM","BufSculp",2,1,"02",8,"1_TM_8_2"
"TM_01_SnakPrick","CorrectionBiasPvDiet","MiFish_4","E10","TM_01_SnakPrick",1,"TM_01_SnakPrick","D","TissueMix","SnakPrick","TM_01_SnakPrick","SnakPrick","01_SnakPrick",2.001,2.002,4.018,0.498008959681434,0.498257839721254,"Lumpenus sagitta","Snake prickleback","Lumpenus sagitta","Actinopteri",NA,1,"TM","SnakPrick",1,1,"01",48,"1_TM_48_1"
"TM_E11","CorrectionBiasPvDiet","MiFish_3","E11","TM_01_RexSol",1,"TM_E11","C","TissueMix","RexSol","TM_01_RexSol","RexSol","01_Rexsol",2.001,2.001,3.906,0.512288786482335,0.512288786482335,"Glyptocephalus zachirus","Rex sole","Glyptocephalus zachirus","Actinopteri",NA,1,"TM","RexSol",1,1,"01",42,"1_TM_42_1"
"TM_03_SurfSmel","CorrectionBiasPvDiet","MiFish_4","E11","TM_03_SurfSmel",1,"TM_03_SurfSmel","D","TissueMix","SurfSmel","TM_03_SurfSmel","SurfSmel","03_SurfSmel",5.06414,5.01928,10.2156,0.495726144328282,0.491334821253769,"Hypomesus pretiosus","Surf smelt","Hypomesus pretiosus","Actinopteri",NA,1,"TM","SurfSmel",3,1,"03",55,"1_TM_55_3"
"TM_E12","CorrectionBiasPvDiet","MiFish_3","E12","TM_02_ButtSol",1,"TM_E12","C","TissueMix","ButtSol","TM_02_ButtSol","ButtSol","02_ButtSol",2,2,3.976,0.503018108651911,0.503018108651911,"Isopsetta isolepis","Butter sole","Pleuronectidae","Actinopteri",NA,1,"TM","ButtSol",2,1,"02",9,"1_TM_9_2"
"TM_02_Pompano","CorrectionBiasPvDiet","MiFish_4","E12","TM_02_Pompano",1,"TM_02_Pompano","D","TissueMix","Pompano","TM_02_Pompano","Pompano","02_Pompano",1.995,1.996,3.842,0.519260801665799,0.519521082769391,"Peprilus simillimus","Pacific pompano","Peprilus","Actinopteri",NA,1,"TM","Pompano",2,1,"02",38,"1_TM_38_2"
"TM_03_PacTom","CorrectionBiasPvDiet","MiFish_4","E2","TM_03_PacTom",1,"TM_03_PacTom","D","TissueMix","PacTom","TM_03_PacTom","PacTom","03_PacTom",2.001,2.001,3.985,0.502132998745295,0.502132998745295,"Microgadus proximus","Pacific tomcod","Microgadus proximus","Actinopteri",NA,1,"TM","PacTom",3,1,"03",34,"1_TM_34_3"
"TM_02_TpoolSculp","CorrectionBiasPvDiet","MiFish_4","E3","TM_02_TpoolSculp",1,"TM_02_TpoolSculp","D","TissueMix","TpoolSculp","TM_02_TpoolSculp","TpoolSculp","TpoolSculp_21",0.766,0.769,1.52,0.503947368421053,0.505921052631579,"Oligocottus maculosus","Tidepool sculpin","Oligocottus","Actinopteri",NA,1,"TM","TpoolSculp",2,1,"02",56,"1_TM_56_2"
"TM_01_ChumSal_VAQ","CorrectionBiasPvDiet","MiFish_4","E4","TM_01_ChumSalVAQ",1,"TM_01_ChumSal_VAQ","D","TissueMix","ChumSalVAQ","TM_01_ChumSalVAQ","ChumSalVAQ","01_Chum_VAQ",1.969,1.972,3.904,0.504354508196721,0.505122950819672,"Oncorhynchus keta","Chum salmon ad","Oncorhynchus keta","Actinopteri","salmon_2",1,"TM","ChumSalVAQ",1,1,"01",13,"1_TM_13_1"
"Plate3_E5","CorrectionBiasPvDiet","MiFish_3","E5","TM_03_PacSanLan",1,"Plate3_E5","C","TissueMix","PacSanLan","TM_03_PacSanLan","PacSanLan","03_PSanLan",1.036,1.037,2.861,0.362111149947571,0.362460678084586,"Ammodytes personatus","Pacific sandlance","Ammodytes personatus","Actinopteri",NA,1,"TM","PacSanLan",3,1,"03",32,"1_TM_32_3"
"TM_01_SteelHd","CorrectionBiasPvDiet","MiFish_4","E5","TM_01_SteelHd",1,"TM_01_SteelHd","D","TissueMix","SteelHd","TM_01_SteelHd","SteelHd","01_SteelHead_01",1.641,1.643,3.185,0.515227629513344,0.51585557299843,"Oncorhynchus mykiss","Steelhead","Oncorhynchus mykiss","Actinopteri",NA,1,"TM","SteelHd",1,1,"01",53,"1_TM_53_1"
"TM_E6","CorrectionBiasPvDiet","MiFish_3","E6","TM_01_LnoseSkate",1,"TM_E6","C","TissueMix","LnoseSkate","TM_01_LnoseSkate","LnoseSkate","01_LNoseSkate",2.006,2.006,4.165,0.481632653061224,0.481632653061224,"Beringraja rhina","Longnose skate","Beringraja rhina","Rajidae",NA,1,"TM","LnoseSkate",1,1,"01",25,"1_TM_25_1"
"TM_E6","CorrectionBiasPvDiet","MiFish_3","E6","TM_01_LnoseSkate",1,"TM_E6","C","TissueMix","LnoseSkate","TM_01_LnoseSkate","LnoseSkate","01_LNoseSkate",2.006,2.006,4.165,0.481632653061224,0.481632653061224,"Beringraja rhina","Longnose skate","Beringraja rhina","Rajidae",NA,1,"TM","LnoseSkate",1,1,"01",25,"1_TM_25_1"
"TM_02_ChinSal","CorrectionBiasPvDiet","MiFish_4","E6","TM_02_ChinSal",1,"TM_02_ChinSal","D","TissueMix","ChinSal","TM_02_ChinSal","ChinSal","02_ChinSal",1.997,1.996,3.768,0.529989384288747,0.529723991507431,"Oncorhynchus tshawytscha","Chinook salmon","Oncorhynchus tshawytscha","Actinopteri",NA,1,"TM","ChinSal",2,1,"02",11,"1_TM_11_2"
"TM_E7","CorrectionBiasPvDiet","MiFish_3","E7","TM_03_RivLamp",1,"TM_E7","C","TissueMix","RivLamp","TM_03_RivLamp","RivLamp","03_RivLamp",5.0538,5.02172,9.89515,0.510735057073415,0.507493064784263,"Lampetra fluviatilis","river lamprey?","Lampetra","Lampetra fluviatilis",NA,1,"TM","RivLamp",3,1,"03",43,"1_TM_43_3"
"TM_E7","CorrectionBiasPvDiet","MiFish_3","E7","TM_03_RivLamp",1,"TM_E7","C","TissueMix","RivLamp","TM_03_RivLamp","RivLamp","03_RivLamp",5.0538,5.02172,9.89515,0.510735057073415,0.507493064784263,"Lampetra fluviatilis","river lamprey?","Lampetra","Lampetra fluviatilis",NA,1,"TM","RivLamp",3,1,"03",43,"1_TM_43_3"
"TM_01_CresGun","CorrectionBiasPvDiet","MiFish_4","E7","TM_01_CresGun",1,"TM_01_CresGun","D","TissueMix","CresGun","TM_01_CresGun","CresGun","01_CresGun",2.006,2.006,3.906,0.513568868407578,0.513568868407578,"Pholis laeta","Crescent gunnel","Pholis laeta","Actinopteri",NA,1,"TM","CresGun",1,1,"01",17,"1_TM_17_1"
"TM_E8","CorrectionBiasPvDiet","MiFish_3","E8","TM_01_RoughSculp",1,"TM_E8","C","TissueMix","RoughSculp","TM_01_RoughSculp","RoughSculp","01_RoughSculp",5.04431,5.06723,10.25196,0.492033718430427,0.494269388487665,"Chitonotus pugetensis","Roughback sculpin","Chitonotus pugetensis","Actinopteri",NA,1,"TM","RoughSculp",1,1,"01",44,"1_TM_44_1"
"TM_02_COSol","CorrectionBiasPvDiet","MiFish_4","E8","TM_02_COSol",1,"TM_02_COSol","D","TissueMix","COSol","TM_02_COSol","COSol","02_CoSol_02",5.00154,5.09665,10.27885,0.486585561614383,0.495838542249376,"Pleuronichthys coenosus","C-O sole","Pleuronichthys coenosus","Actinopteri",NA,1,"TM","COSol",2,1,"02",10,"1_TM_10_2"
"TM_E9","CorrectionBiasPvDiet","MiFish_3","E9","TM_03_SpecSdab",1,"TM_E9","C","TissueMix","SpecSdab","TM_03_SpecSdab","SpecSdab","03_SpecsDab",5.07085,5.0621,10.31285,0.491702099807522,0.490853643755121,"Citharichthys stigmaeus","Speckled sanddab","Citharichthys stigmaeus","Actinopteri",NA,1,"TM","SpecSdab",3,1,"03",51,"1_TM_51_3"
"TM_01_NorRonq","CorrectionBiasPvDiet","MiFish_4","E9","TM_01_NorRonq",1,"TM_01_NorRonq","D","TissueMix","NorRonq","TM_01_NorRonq","NorRonq","01_NorRonq",1.92,1.919,3.743,0.512957520705317,0.512690355329949,"Ronquilus jordani","Northern ronquil","Ronquilus jordani","Actinopteri",NA,1,"TM","NorRonq",1,1,"01",29,"1_TM_29_1"
"TM_02_Capel_VAQ","CorrectionBiasPvDiet","MiFish_4","F1","TM_02_VAQCapelin",1,"TM_02_Capel_VAQ","D","TissueMix","VAQCapelin","TM_02_VAQCapelin","VAQCapelin","02_Capel_VAQ",1.979,1.979,3.773,0.524516300026504,0.524516300026504,"Mallotus villosus","Capelin","Mallotus villosus","Actinopteri","capelin",1,"TM","VAQCapelin",2,1,"02",57,"1_TM_57_2"
"TM_02_Capel_VAQ","CorrectionBiasPvDiet","MiFish_4","F1","TM_02_VAQCapelin",1,"TM_02_Capel_VAQ","D","TissueMix","VAQCapelin","TM_02_VAQCapelin","VAQCapelin","02_Capel_VAQ",1.979,1.979,3.773,0.524516300026504,0.524516300026504,"Mallotus villosus","Capelin","Mallotus villosus","Actinopteri","capelin",1,"TM","VAQCapelin",2,1,"02",57,"1_TM_57_2"
"TM_F10","CorrectionBiasPvDiet","MiFish_3","F10","TM_03_BufSculp",1,"TM_F10","C","TissueMix","BufSculp","TM_03_BufSculp","BufSculp","03_BuffSculp",5.0611,5.01395,10.01241,0.505482695974296,0.500773540036814,"Enophrys bison","Buffalo sculpin","Enophrys bison","Actinopteri",NA,1,"TM","BufSculp",3,1,"03",8,"1_TM_8_3"
"TM_02_SnakPrick","CorrectionBiasPvDiet","MiFish_4","F10","TM_02_SnakPrick",1,"TM_02_SnakPrick","D","TissueMix","SnakPrick","TM_02_SnakPrick","SnakPrick","02_SnakPrick",2.002,2.002,3.786,0.528790279978869,0.528790279978869,"Lumpenus sagitta","Snake prickleback","Lumpenus sagitta","Actinopteri",NA,1,"TM","SnakPrick",2,1,"02",48,"1_TM_48_2"
"TM_F11","CorrectionBiasPvDiet","MiFish_3","F11","TM_02_RexSol",1,"TM_F11","C","TissueMix","RexSol","TM_02_RexSol","RexSol","02_RexSol",2.002,2.001,3.9,0.513333333333333,0.513076923076923,"Glyptocephalus zachirus","Rex sole","Glyptocephalus zachirus","Actinopteri",NA,1,"TM","RexSol",2,1,"02",42,"1_TM_42_2"
"TM_01_PPerch","CorrectionBiasPvDiet","MiFish_4","F11","TM_01_PPerch",1,"TM_01_PPerch","D","TissueMix","PPerch","TM_01_PPerch","PPerch","01_PPerch",2.004,2.003,3.864,0.518633540372671,0.518374741200828,"Rhacochilus vacca","Pile perch","Rhacochilus","Actinopteri",NA,1,"TM","PPerch",1,1,"01",30,"1_TM_30_1"
"TM_F12","CorrectionBiasPvDiet","MiFish_3","F12","TM_03_ButtSol",1,"TM_F12","C","TissueMix","ButtSol","TM_03_ButtSol","ButtSol","03_ButtSol",2.007,2.009,4.025,0.498633540372671,0.499130434782609,"Isopsetta isolepis","Butter sole","Pleuronectidae","Actinopteri",NA,1,"TM","ButtSol",3,1,"03",9,"1_TM_9_3"
"TM_03_Pompano","CorrectionBiasPvDiet","MiFish_4","F12","TM_03_Pompano",1,"TM_03_Pompano","D","TissueMix","Pompano","TM_03_Pompano","Pompano","03_Pompano",2.005,2.004,3.861,0.519295519295519,0.519036519036519,"Peprilus simillimus","Pacific pompano","Peprilus","Actinopteri",NA,1,"TM","Pompano",3,1,"03",38,"1_TM_38_3"
"TM_01_DovSol","CorrectionBiasPvDiet","MiFish_4","F2","TM_01_DovSol",1,"TM_01_DovSol","D","TissueMix","DovSol","TM_01_DovSol","DovSol","01_DovSol",5.088,5.07,10.099,0.503812258639469,0.502029903950886,"Microstomus pacificus","Dover sole","Microstomus pacificus","Actinopteri",NA,1,"TM","DovSol",1,1,"01",18,"1_TM_18_1"
"TM_03_TpoolSculp","CorrectionBiasPvDiet","MiFish_4","F3","TM_03_TpoolSculp",1,"TM_03_TpoolSculp","D","TissueMix","TpoolSculp","TM_03_TpoolSculp","TpoolSculp","03_TpoolSculp",1.93,1.934,3.872,0.49845041322314,0.49948347107438,"Oligocottus maculosus","Tidepool sculpin","Oligocottus","Actinopteri",NA,1,"TM","TpoolSculp",3,1,"03",56,"1_TM_56_3"
"TM_02_ChumSal_VAQ","CorrectionBiasPvDiet","MiFish_4","F4","TM_02_ChumSalVAQ",1,"TM_02_ChumSal_VAQ","D","TissueMix","ChumSalVAQ","TM_02_ChumSalVAQ","ChumSalVAQ","02_Chum_VAQ",1.801,1.805,3.601,0.500138850319356,0.501249652874202,"Oncorhynchus keta","Chum salmon ad","Oncorhynchus keta","Actinopteri","salmon_2",1,"TM","ChumSalVAQ",2,1,"02",13,"1_TM_13_2"
"Plate3_F5","CorrectionBiasPvDiet","MiFish_3","F5","TM_01_PacCod",1,"Plate3_F5","C","TissueMix","PacCod","TM_01_PacCod","PacCod","01_PacCod",2.003,2.003,3.961,0.505680383741479,0.505680383741479,"Gadus macrocephalus","Pacific cod/grey harbor","Gadus macrocephalus","Actinopteri",NA,1,"TM","PacCod",1,1,"01",31,"1_TM_31_1"
"TM_02_SteelHd","CorrectionBiasPvDiet","MiFish_4","F5","TM_02_SteelHd",1,"TM_02_SteelHd","D","TissueMix","SteelHd","TM_02_SteelHd","SteelHd","02_SteelHead_01",1.794,1.794,3.349,0.535682293221857,0.535682293221857,"Oncorhynchus mykiss","Steelhead","Oncorhynchus mykiss","Actinopteri",NA,1,"TM","SteelHd",2,1,"02",53,"1_TM_53_2"
"TM_F6","CorrectionBiasPvDiet","MiFish_3","F6","TM_02_LnoseSkate",1,"TM_F6","C","TissueMix","LnoseSkate","TM_02_LnoseSkate","LnoseSkate","02_LNoseSkate",2.008,2.005,4.07,0.493366093366093,0.492628992628993,"Beringraja rhina","Longnose skate","Beringraja rhina","Rajidae",NA,1,"TM","LnoseSkate",2,1,"02",25,"1_TM_25_2"
"TM_F6","CorrectionBiasPvDiet","MiFish_3","F6","TM_02_LnoseSkate",1,"TM_F6","C","TissueMix","LnoseSkate","TM_02_LnoseSkate","LnoseSkate","02_LNoseSkate",2.008,2.005,4.07,0.493366093366093,0.492628992628993,"Beringraja rhina","Longnose skate","Beringraja rhina","Rajidae",NA,1,"TM","LnoseSkate",2,1,"02",25,"1_TM_25_2"
"TM_03_ChinSal","CorrectionBiasPvDiet","MiFish_4","F6","TM_03_ChinSal",1,"TM_03_ChinSal","D","TissueMix","ChinSal","TM_03_ChinSal","ChinSal","03_ChinSal",1.995,1.995,3.867,0.515903801396431,0.515903801396431,"Oncorhynchus tshawytscha","Chinook salmon","Oncorhynchus tshawytscha","Actinopteri",NA,1,"TM","ChinSal",3,1,"03",11,"1_TM_11_3"
"TM_F7","CorrectionBiasPvDiet","MiFish_3","F7","TM_01_BayPip",1,"TM_F7","C","TissueMix","BayPip","TM_01_BayPip","BayPip","01_BayPip",0.524,0.528,1.022,0.512720156555773,0.516634050880626,"Syngnathus leptorhynchus","bay pipe fish","Syngnathus leptorhynchus","Actinopteri",NA,1,"TM","BayPip",1,1,"01",5,"1_TM_5_1"
"TM_02_CresGun","CorrectionBiasPvDiet","MiFish_4","F7","TM_02_CresGun",1,"TM_02_CresGun","D","TissueMix","CresGun","TM_02_CresGun","CresGun","02_CresGun",2.002,2.002,3.89,0.5146529562982,0.5146529562982,"Pholis laeta","Crescent gunnel","Pholis laeta","Actinopteri",NA,1,"TM","CresGun",2,1,"02",17,"1_TM_17_2"
"TM_F8","CorrectionBiasPvDiet","MiFish_3","F8","TM_02_RoughSculp",1,"TM_F8","C","TissueMix","RoughSculp","TM_02_RoughSculp","RoughSculp","02_RoughSculp",5.03245,5.02684,10.05507,0.500488808133608,0.499930880640314,"Chitonotus pugetensis","Roughback sculpin","Chitonotus pugetensis","Actinopteri",NA,1,"TM","RoughSculp",2,1,"02",44,"1_TM_44_2"
"TM_03_COSol","CorrectionBiasPvDiet","MiFish_4","F8","TM_03_COSol",1,"TM_03_COSol","D","TissueMix","COSol","TM_03_COSol","COSol","03_CoSol_03",5.08276,5.00982,10.10665,0.502912438839774,0.495695408468682,"Pleuronichthys coenosus","C-O sole","Pleuronichthys coenosus","Actinopteri",NA,1,"TM","COSol",3,1,"03",10,"1_TM_10_3"
"TM_F9","CorrectionBiasPvDiet","MiFish_3","F9","TM_01_ShinPer",1,"TM_F9","C","TissueMix","ShinPer","TM_01_ShinPer","ShinPer","01_ShinPer",5.04901,5.04571,9.83175,0.513541332926488,0.513205685661251,"Cymatogaster aggregata","Shiner perch","Cymatogaster aggregata","Actinopteri",NA,1,"TM","ShinPer",1,1,"01",46,"1_TM_46_1"
"TM_02_NorRonq","CorrectionBiasPvDiet","MiFish_4","F9","TM_02_NorRonq",1,"TM_02_NorRonq","D","TissueMix","NorRonq","TM_02_NorRonq","NorRonq","02_NorRonq",1.867,1.868,3.687,0.506373745592623,0.50664496880933,"Ronquilus jordani","Northern ronquil","Ronquilus jordani","Actinopteri",NA,1,"TM","NorRonq",2,1,"02",29,"1_TM_29_2"
"TM_02_Capel_VAQ","CorrectionBiasPvDiet","MiFish_4","G1","TM_02_VAQCapelin",1,"TM_02_Capel_VAQ","D","TissueMix","VAQCapelin","TM_02_VAQCapelin","VAQCapelin","02_Capel_VAQ",1.979,1.979,3.773,0.524516300026504,0.524516300026504,"Mallotus villosus","Capelin","Mallotus villosus","Actinopteri","capelin",1,"TM","VAQCapelin",2,1,"02",57,"1_TM_57_2"
"TM_02_Capel_VAQ","CorrectionBiasPvDiet","MiFish_4","G1","TM_02_VAQCapelin",1,"TM_02_Capel_VAQ","D","TissueMix","VAQCapelin","TM_02_VAQCapelin","VAQCapelin","02_Capel_VAQ",1.979,1.979,3.773,0.524516300026504,0.524516300026504,"Mallotus villosus","Capelin","Mallotus villosus","Actinopteri","capelin",1,"TM","VAQCapelin",2,1,"02",57,"1_TM_57_2"
"TM_G10","CorrectionBiasPvDiet","MiFish_3","G10","TM_01_WalPol",1,"TM_G10","C","TissueMix","WalPol","TM_01_WalPol","WalPol","01_WalPol",2.001,2.001,3.973,0.503649635036496,0.503649635036496,"Gadus chalcogrammus","Walleye pollock","Gadus chalcogrammus","Actinopteri",NA,1,"TM","WalPol",1,1,"01",58,"1_TM_58_1"
"TM_03_SnakPrick","CorrectionBiasPvDiet","MiFish_4","G10","TM_03_SnakPrick",1,"TM_03_SnakPrick","D","TissueMix","SnakPrick","TM_03_SnakPrick","SnakPrick","03_SnakPrick",2.002,2.002,3.671,0.545355488967584,0.545355488967584,"Lumpenus sagitta","Snake prickleback","Lumpenus sagitta","Actinopteri",NA,1,"TM","SnakPrick",3,1,"03",48,"1_TM_48_3"
"TM_G11","CorrectionBiasPvDiet","MiFish_3","G11","TM_03_RexSol",1,"TM_G11","C","TissueMix","RexSol","TM_03_RexSol","RexSol","03_RexSol",2.002,2.001,3.985,0.502383939774153,0.502132998745295,"Glyptocephalus zachirus","Rex sole","Glyptocephalus zachirus","Actinopteri",NA,1,"TM","RexSol",3,1,"03",42,"1_TM_42_3"
"TM_02_PPerch","CorrectionBiasPvDiet","MiFish_4","G11","TM_02_PPerch",1,"TM_02_PPerch","D","TissueMix","PPerch","TM_02_PPerch","PPerch","02_PPerch",2.008,2.006,4.004,0.501498501498502,0.500999000999001,"Rhacochilus vacca","Pile perch","Rhacochilus","Actinopteri",NA,1,"TM","PPerch",2,1,"02",30,"1_TM_30_2"
"TM_02_DovSol","CorrectionBiasPvDiet","MiFish_4","G2","TM_02_DovSol",1,"TM_02_DovSol","D","TissueMix","DovSol","TM_02_DovSol","DovSol","02_DovSol",5.003,5.004,10.148,0.493003547497044,0.493102089081592,"Microstomus pacificus","Dover sole","Microstomus pacificus","Actinopteri",NA,1,"TM","DovSol",2,1,"02",18,"1_TM_18_2"
"TM_01_PnkSal","CorrectionBiasPvDiet","MiFish_4","G3","TM_01_PnkSal",1,"TM_01_PnkSal","D","TissueMix","PnkSal","TM_01_PnkSal","PnkSal","01_PnkSal",1.807,1.809,3.614,0.5,0.500553403431101,"Oncorhynchus gorbuscha","Pink salmon","Oncorhynchus gorbuscha","Actinopteri",NA,1,"TM","PnkSal",1,1,"01",37,"1_TM_37_1"
"Plate3_G4","CorrectionBiasPvDiet","MiFish_3","G4","TM_01_NSpearPoach",1,"Plate3_G4","C","TissueMix","NSpearPoach","TM_01_NSpearPoach","NSpearPoach","01_NSpearPoach",5.05122,5.03301,10.29999,0.490410184864257,0.48864222198274,"Agonopsis vulsa","Northern Spearnose Poacher","Agonopsis vulsa","Actinopteri",NA,1,"TM","NSpearPoach",1,1,"01",28,"1_TM_28_1"
"TM_01_Coho_VAQ","CorrectionBiasPvDiet","MiFish_4","G4","TM_01_CohoVAQ",1,"TM_01_Coho_VAQ","D","TissueMix","Coho_VAQ","TM_01_CohoVAQ","Coho_VAQ","01_Coho_VAQ",2,2,3.867,0.517196793379881,0.517196793379881,"Oncorhynchus kisutch","Coho salmon","Oncorhynchus kisutch","Actinopteri","salmon_1",1,"TM","CohoVAQ",1,1,"01",16,"1_TM_16_1"
"Plate3_G5","CorrectionBiasPvDiet","MiFish_3","G5","TM_02_PacCod",1,"Plate3_G5","C","TissueMix","PacCod","TM_02_PacCod","PacCod","02_PacCod",2.008,2.007,4.1,0.489756097560976,0.489512195121951,"Gadus macrocephalus","Pacific cod/grey harbor","Gadus macrocephalus","Actinopteri",NA,1,"TM","PacCod",2,1,"02",31,"1_TM_31_2"
"TM_03_SteelHd","CorrectionBiasPvDiet","MiFish_4","G5","TM_03_SteelHd",1,"TM_03_SteelHd","D","TissueMix","SteelHd","TM_03_SteelHd","SteelHd","03_SteelHead_01",1.218,1.215,2.332,0.52229845626072,0.521012006861064,"Oncorhynchus mykiss","Steelhead","Oncorhynchus mykiss","Actinopteri",NA,1,"TM","SteelHd",3,1,"03",53,"1_TM_53_3"
"TM_G6","CorrectionBiasPvDiet","MiFish_3","G6","TM_03_LnoseSkate",1,"TM_G6","C","TissueMix","LnoseSkate","TM_03_LnoseSkate","LnoseSkate","03_LNoseSkate",2.007,2.003,3.893,0.515540714102235,0.514513228872335,"Beringraja rhina","Longnose skate","Beringraja rhina","Rajidae",NA,1,"TM","LnoseSkate",3,1,"03",25,"1_TM_25_3"
"TM_G6","CorrectionBiasPvDiet","MiFish_3","G6","TM_03_LnoseSkate",1,"TM_G6","C","TissueMix","LnoseSkate","TM_03_LnoseSkate","LnoseSkate","03_LNoseSkate",2.007,2.003,3.893,0.515540714102235,0.514513228872335,"Beringraja rhina","Longnose skate","Beringraja rhina","Rajidae",NA,1,"TM","LnoseSkate",3,1,"03",25,"1_TM_25_3"
"TM_01_Lingcod","CorrectionBiasPvDiet","MiFish_4","G6","TM_01_Lingcod",1,"TM_01_Lingcod","D","TissueMix","Lingcod","TM_01_Lingcod","Lingcod","01_LingCod",2.007,2.002,3.802,0.527880063124671,0.52656496580747,"Ophiodon elongatus","Lingcod","Ophiodon elongatus","Actinopteri",NA,1,"TM","Lingcod",1,1,"01",24,"1_TM_24_1"
"TM_G7","CorrectionBiasPvDiet","MiFish_3","G7","TM_01_Cockscomb",1,"TM_G7","C","TissueMix","Cockscomb","TM_01_Cockscomb","Cockscomb","01_Cockscomb",2.018,2.018,3.94,0.512182741116751,0.512182741116751,"Anoplarchus purpurescens","High Cockscomb","Anoplarchus","Actinopteri",NA,1,"TM","Cockscomb",1,1,"01",14,"1_TM_14_1"
"TM_01_SaddleGun","CorrectionBiasPvDiet","MiFish_4","G7","TM_01_SaddleGun",1,"TM_01_SaddleGun","D","TissueMix","SaddleGun","TM_01_SaddleGun","SaddleGun","01_Saddlegun (07_Saddlegun)",1.705,1.706,4.037,0.422343324250681,0.422591032945256,"Pholis ornata","Saddleback gunnel","Pholis ornata","Actinopteri",NA,1,"TM","SaddleGun",1,1,"01",45,"1_TM_45_1"
"TM_G8","CorrectionBiasPvDiet","MiFish_3","G8","TM_03_RoughSculp",1,"TM_G8","C","TissueMix","RoughSculp","TM_03_RoughSculp","RoughSculp","03_RoughSculp",5.04342,5.04821,10.23861,0.492588349395084,0.493056186337794,"Chitonotus pugetensis","Roughback sculpin","Chitonotus pugetensis","Actinopteri",NA,1,"TM","RoughSculp",3,1,"03",44,"1_TM_44_3"
"TM_01_SturPoach","CorrectionBiasPvDiet","MiFish_4","G8","TM_01_SturPoach",1,"TM_01_SturPoach","D","TissueMix","SturPoach","TM_01_SturPoach","SturPoach","01_SturPoach_01",5.0283,5.065,10.22533,0.491749410532472,0.495338536751381,"Podothecus accipenserinus","Sturgeon Poacher","Podothecus accipenserinus","Actinopteri",NA,1,"TM","SturPoach",1,1,"01",54,"1_TM_54_1"
"TM_G9","CorrectionBiasPvDiet","MiFish_3","G9","TM_02_ShinPer",1,"TM_G9","C","TissueMix","ShinPer","TM_02_ShinPer","ShinPer","02_ShinPer",5.08108,5.09616,9.79075,0.518967392692082,0.520507621990144,"Cymatogaster aggregata","Shiner perch","Cymatogaster aggregata","Actinopteri",NA,1,"TM","ShinPer",2,1,"02",46,"1_TM_46_2"
"TM_01_QuilRockF","CorrectionBiasPvDiet","MiFish_4","G9","TM_01_QuilRock",1,"TM_01_QuilRockF","D","TissueMix","QuilRock","TM_01_QuilRock","QuilRock","01_QuilRock",2.006,2.006,3.93,0.510432569974555,0.510432569974555,"Sebastes maliger","Quillback rockfish","Sebastes","Actinopteri",NA,1,"TM","QuilRock",1,1,"01",40,"1_TM_40_1"
"TM_01_Hake","CorrectionBiasPvDiet","MiFish_4","H1","TM_01_Hake",1,"TM_01_Hake","D","TissueMix","Hake","TM_01_Hake","Hake","01_Hake",2.003,2.003,3.873,0.51717015233669,0.51717015233669,"Merluccius productus","Hake","Merluccius productus","Actinopteri",NA,1,"TM","Hake",1,1,"01",22,"1_TM_22_1"
"TM_H10","CorrectionBiasPvDiet","MiFish_3","H10","TM_02_WalPol",1,"TM_H10","C","TissueMix","WalPol","TM_02_WalPol","WalPol","02_WalPol",2,2,3.981,0.502386335091686,0.502386335091686,"Gadus chalcogrammus","Walleye pollock","Gadus chalcogrammus","Actinopteri",NA,1,"TM","WalPol",2,1,"02",58,"1_TM_58_2"
"TM_01_BlkEelpt","CorrectionBiasPvDiet","MiFish_4","H10","TM_01_BlkEelpt",1,"TM_01_BlkEelpt","D","TissueMix","BlkEelpt","TM_01_BlkEelpt","BlkEelpt","01_BlkEelpt_01",5.00811,5.06671,10.2127,0.490380604541404,0.496118558265689,"Lycodes pacificus","Blackbelly eelpout","Lycodes","Actinopteri",NA,1,"TM","BlkEelpt",1,1,"01",6,"1_TM_6_1"
"TM_H11","CorrectionBiasPvDiet","MiFish_3","H11","TM_01_NCling",1,"TM_H11","C","TissueMix","NCling","TM_01_NCling","NCling","01_NCling",1.922,1.924,3.831,0.501696684938658,0.502218741842861,"Gobiesox maeandricus","Northern Clingfish","Gobiesox maeandricus","Actinopteri",NA,1,"TM","NCling",1,1,"01",27,"1_TM_27_1"
"TM_03_PPerch","CorrectionBiasPvDiet","MiFish_4","H11","TM_03_PPerch",1,"TM_03_PPerch","D","TissueMix","PPerch","TM_03_PPerch","PPerch","03_PPerch",2.003,2.001,3.968,0.504788306451613,0.504284274193548,"Rhacochilus vacca","Pile perch","Rhacochilus","Actinopteri",NA,1,"TM","PPerch",3,1,"03",30,"1_TM_30_3"
"TM_03_DovSol","CorrectionBiasPvDiet","MiFish_4","H2","TM_03_DovSol",1,"TM_03_DovSol","D","TissueMix","DovSol","TM_03_DovSol","DovSol","03_DovSol",5.049,5.059,9.927,0.508612873980055,0.509620227661932,"Microstomus pacificus","Dover sole","Microstomus pacificus","Actinopteri",NA,1,"TM","DovSol",3,1,"03",18,"1_TM_18_3"
"TM_02_PnkSal","CorrectionBiasPvDiet","MiFish_4","H3","TM_02_PnkSal",1,"TM_02_PnkSal","D","TissueMix","PnkSal","TM_02_PnkSal","PnkSal","02_PnkSal",1.972,1.97,3.898,0.505900461775269,0.505387378142637,"Oncorhynchus gorbuscha","Pink salmon","Oncorhynchus gorbuscha","Actinopteri",NA,1,"TM","PnkSal",2,1,"02",37,"1_TM_37_2"
"Plate3_H4","CorrectionBiasPvDiet","MiFish_3","H4","TM_02_NSpearPoach",1,"Plate3_H4","C","TissueMix","NSpearPoach","TM_02_NSpearPoach","NSpearPoach","02_NSpearPoach",5.06553,5.09291,10.48855,0.482958082861787,0.485568548560096,"Agonopsis vulsa","Northern Spearnose Poacher","Agonopsis vulsa","Actinopteri",NA,1,"TM","NSpearPoach",2,1,"02",28,"1_TM_28_2"
"TM_02_Coho_VAQ","CorrectionBiasPvDiet","MiFish_4","H4","TM_02_CohoVAQ",1,"TM_02_Coho_VAQ","D","TissueMix","Coho_VAQ","TM_02_CohoVAQ","Coho_VAQ","02_Coho_VAQ",2.004,2.006,3.883,0.516095802214782,0.516610867885655,"Oncorhynchus kisutch","Coho salmon","Oncorhynchus kisutch","Actinopteri","salmon_1",1,"TM","CohoVAQ",2,1,"02",16,"1_TM_16_2"
"TM_H5","CorrectionBiasPvDiet","MiFish_3","H5","TM_01_Ratfish",1,"TM_H5","C","TissueMix","Ratfish","TM_01_Ratfish","Ratfish","01_RatFish_01",5.06715,5.0336,10.31423,0.491277584463406,0.488024796809844,"Hydrolagus colliei","Ratfish","Hydrolagus colliei","Actinopteri",NA,1,"TM","Ratfish",1,1,"01",41,"1_TM_41_1"
"TM_H5","CorrectionBiasPvDiet","MiFish_3","H5","TM_01_Ratfish",1,"TM_H5","C","TissueMix","Ratfish","TM_01_Ratfish","Ratfish","01_RatFish_01",5.06715,5.0336,10.31423,0.491277584463406,0.488024796809844,"Hydrolagus colliei","Ratfish","Hydrolagus colliei","Actinopteri",NA,1,"TM","Ratfish",1,1,"01",41,"1_TM_41_1"
"TM_01_SockSal","CorrectionBiasPvDiet","MiFish_4","H5","TM_01_SockSal",1,"TM_01_SockSal","D","TissueMix","SockSal","TM_01_SockSal","SockSal","01_SockSal",1.999,1.999,4.052,0.493336623889437,0.493336623889437,"Oncorhynchus nerka","Sockeye salmon","Oncorhynchus nerka","Actinopteri",NA,1,"TM","SockSal",1,1,"01",49,"1_TM_49_1"
"TM_H6","CorrectionBiasPvDiet","MiFish_3","H6","TM_01_SpDog",1,"TM_H6","C","TissueMix","SpDog","TM_01_SpDog","SpDog","01_SpDog",2.007,2.007,3.907,0.513693370872792,0.513693370872792,"Squalus acanthias/Squalus suckleyi","Spiny-dogfish","Squalus suckleyi","Squalus suckleyi",NA,1,"TM","SpDog",1,1,"01",50,"1_TM_50_1"
"TM_H6","CorrectionBiasPvDiet","MiFish_3","H6","TM_01_SpDog",1,"TM_H6","C","TissueMix","SpDog","TM_01_SpDog","SpDog","01_SpDog",2.007,2.007,3.907,0.513693370872792,0.513693370872792,"Squalus acanthias/Squalus suckleyi","Spiny-dogfish","Squalus suckleyi","Squalus suckleyi",NA,1,"TM","SpDog",1,1,"01",50,"1_TM_50_1"
"TM_02_Lingcod","CorrectionBiasPvDiet","MiFish_4","H6","TM_02_Lingcod",1,"TM_02_Lingcod","D","TissueMix","Lingcod","TM_02_Lingcod","Lingcod","02_LingCod",2.006,2.002,3.976,0.504527162977867,0.503521126760563,"Ophiodon elongatus","Lingcod","Ophiodon elongatus","Actinopteri",NA,1,"TM","Lingcod",2,1,"02",24,"1_TM_24_2"
"TM_H7","CorrectionBiasPvDiet","MiFish_3","H7","TM_02_Cockscomb",1,"TM_H7","C","TissueMix","Cockscomb","TM_02_Cockscomb","Cockscomb","02_Cockscomb",1.342,1.342,2.595,0.517148362235067,0.517148362235067,"Anoplarchus purpurescens","High Cockscomb","Anoplarchus","Actinopteri",NA,1,"TM","Cockscomb",2,1,"02",14,"1_TM_14_2"
"TM_02_SaddleGun","CorrectionBiasPvDiet","MiFish_4","H7","TM_02_SaddleGun",1,"TM_02_SaddleGun","D","TissueMix","SaddleGun","TM_02_SaddleGun","SaddleGun","02_Saddlegun (19_Saddlegun)",1.92,1.919,3.787,0.50699762344864,0.506733562186427,"Pholis ornata","Saddleback gunnel","Pholis ornata","Actinopteri",NA,1,"TM","SaddleGun",2,1,"02",45,"1_TM_45_2"
"TM_H8","CorrectionBiasPvDiet","MiFish_3","H8","TM_01_PacSanddab",1,"TM_H8","C","TissueMix","PacSanddab","TM_01_PacSanddab","PacSanddab","01_PacSandDab",5.0579,5.0514,10.3377,0.489267438598528,0.488638672045039,"Citharichthys sordidus","Pacific sanddab","Citharichthys sordidus","Actinopteri",NA,1,"TM","PacSanddab",1,1,"01",33,"1_TM_33_1"
"TM_02_SturPoach","CorrectionBiasPvDiet","MiFish_4","H8","TM_02_SturPoach",1,"TM_02_SturPoach","D","TissueMix","SturPoach","TM_02_SturPoach","SturPoach","02_SturPoach_01",5.08151,5.06404,10.2473,0.49588769724708,0.494182857923551,"Podothecus accipenserinus","Sturgeon Poacher","Podothecus accipenserinus","Actinopteri",NA,1,"TM","SturPoach",2,1,"02",54,"1_TM_54_2"
"TM_H9","CorrectionBiasPvDiet","MiFish_3","H9","TM_03_ShinPer",1,"TM_H9","C","TissueMix","ShinPer","TM_03_ShinPer","ShinPer","03_ShinPer",5.06181,5.07442,10.1022,0.50106016511255,0.502308408069529,"Cymatogaster aggregata","Shiner perch","Cymatogaster aggregata","Actinopteri",NA,1,"TM","ShinPer",3,1,"03",46,"1_TM_46_3"
"TM_02_QuilRockF","CorrectionBiasPvDiet","MiFish_4","H9","TM_02_QuilRock",1,"TM_02_QuilRockF","D","TissueMix","QuilRock","TM_02_QuilRock","QuilRock","02_QuilRock",2.001,2.001,3.881,0.515588765782015,0.515588765782015,"Sebastes maliger","Quillback rockfish","Sebastes","Actinopteri",NA,1,"TM","QuilRock",2,1,"02",40,"1_TM_40_2"
